negative_source,query_id,query_text,primary_sampling_stratum,intended_poi_id,intended_name,intended_brand,intended_address,poi_id,negative_name,negative_brand,negative_address,negative_category,same_entity_group,source_rank,audit_label,audit_note
dense_hard,train20k-02335-v06,hnăm tho 1 33 Nguyễn Đình Chiểu Phường Mũi Né,address_street_building,osm:node/5102303821,năm thọ 1,,"33, Nguyễn Đình Chiểu, Phường Mũi Né, Tỉnh Lâm Đồng",osm:node/5104498121,nem,,"31, Nguyễn Đình Chiểu, Phường Mũi Né, Tỉnh Lâm Đồng",amenity=restaurant,False,3.0,true_hard,"near name, street, or number; different poi"
dense_hard,train20k-01276-v05,An Hải Chq House Hotel & Apartment,named_clear,osm:node/10294581427,Chi House Hotel & Apartment,,"42, Đường Lâm Hoành, Phường An Hải, Thành phố Đà Nẵng",osm:way/1101380211,J&B hotel and apartments,,"Phường An Hải, Thành phố Đà Nẵng",building=yes,False,3.0,true_hard,"near name, street, or number; different poi"
dense_hard,train20k-02750-v02,24c Trung Yên,address_street_building,osm:node/997997379,"24c, Trung Yên",,"24c, Trung Yên, Phường Hoàn Kiếm, Hà Nội",osm:way/886615022,Nhà 4F Trung Yên,,"Phường Yên Hòa, Hà Nội",building=yes,False,4.0,true_hard,"near name, street, or number; different poi"
dense_hard,train20k-05862-v05,nhà H2 Ngõ 112 Đường Cầu Bươu,building_code,osm:node/14078846943,"H2, Ngõ 112 Đường Cầu Bươu",,"H2, Ngõ 112 Đường Cầu Bươu, Phường Kiến Hưng, Hà Nội",osm:way/1454308106,Nhà ở 112 - stories 2,,"Đặc khu Bạch Long Vĩ, Thành phố Hải Phòng",building=yes,False,4.0,true_hard,"near name, street, or number; different poi"
dense_hard,train20k-04392-v05,sứ quán Đan Mạch 194 Trần Quang Khải,address_street_building,osm:node/4747249104,Đại sứ quán Đan Mạch,,"194, Đường Trần Quang Khải, Phường Hoàn Kiếm, Hà Nội",osm:node/6727017871,Đại sứ quán Hà Lan,,"194, Đường Trần Quang Khải, Phường Hoàn Kiếm, Hà Nội",office=diplomatic,False,2.0,true_hard,"near name, street, or number; different poi"
dense_hard,train20k-02374-v03,NgihaChay 12 Le Loi Kon Tum Quảng Ngãi,category_local,osm:node/4585727658,Nghia Chay,,"12, Le Loi, Phường Kon Tum, Tỉnh Quảng Ngãi",osm:node/13844206601,Quan linh,,"127, Lê Thánh Tôn, Phường Cẩm Thành, Tỉnh Quảng Ngãi",amenity=restaurant,False,4.0,true_hard,"near name, street, or number; different poi"
dense_hard,train20k-01316-v02,23 Đường số 21A,building_code,osm:way/1544018679,"23, Đường số 21A",,"23, Đường số 21A, Phường An Lạc, Thành phố Hồ Chí Minh",osm:way/1545443386,"23, Đường số 21",,"23, Đường số 21, Phường An Lạc, Thành phố Hồ Chí Minh",address=|building=yes,False,2.0,true_hard,"near name, street, or number; different poi"
dense_hard,train20k-04572-v03,Kây xăng Hồng Thủy 1 Cam Hồng,brand_branch,osm:node/1015102550,Cây xăng Hồng Thủy 1,Petrolimex,"Xã Cam Hồng, Tỉnh Quảng Trị",osm:node/6291381489,cây xăng NSH,,"Quốc lộ 1, Xã An Hữu, Tỉnh Đồng Tháp",amenity=fuel,False,4.0,true_hard,"near name, street, or number; different poi"
dense_hard,train20k-01087-v05,Bình Hưng Highlandz Coffee,brand_branch,osm:node/6533236989,Highlands Coffee,,"Xã Bình Hưng, Thành phố Hồ Chí Minh",osm:node/12520021059,Highlands Coffee,Highlands Coffee,"110, Hậu Giang, Phường Bình Tây, Thành phố Hồ Chí Minh",amenity=cafe,False,2.0,true_hard,"same display name, different address: other branch"
dense_hard,train20k-05552-v02,Bách Hóa Xanh 16a Hoàng Văn Hợp,brand_branch,osm:node/7224252989,Bách Hóa Xanh,,"16a, Hoàng Văn Hợp, Phường An Lạc, Thành phố Hồ Chí Minh",osm:node/11192241136,Bách Hóa Xanh,,"64, Nguyễn Văn Cừ, Phường An Bình, Thành phố Cần Thơ",shop=supermarket,False,3.0,true_hard,"same display name, different address: other branch"
dense_hard,train20k-05610-v01,WinMart+ Lô 19 Khu đô thị mới Định Công Phương Liệt,brand_branch,osm:node/7055950136,WinMart+,WinMart+,"Lô 19, Khu đô thị mới Định Công, Phường Phương Liệt, Hà Nội",osm:node/5694009529,WinMart+,WinMart+,"19, Phố Lương Định Của, Phường Kim Liên, Hà Nội",shop=convenience,False,3.0,true_hard,"same display name, different address: other branch"
dense_hard,train20k-03826-v01,PNJ Phường Tân Thới Hiệp,brand_branch,osm:node/5608880624,PNJ,PNJ,"Phường Tân Thới Hiệp, Thành phố Hồ Chí Minh",osm:node/5608881079,PNJ,PNJ,"Phường Tân Định, Thành phố Hồ Chí Minh",shop=jewelry,False,4.0,true_hard,"same display name, different address: other branch"
dense_hard,train20k-04574-v05,cửa hàng Circle K Hai Bà Trưng,brand_branch,osm:node/11017849774,Circle K,Circle K,"Phường Hai Bà Trưng, Hà Nội",osm:node/12098955279,Circle K,Circle K,"25, Phố Thái Phiên, Phường Hai Bà Trưng, Hà Nội",shop=convenience,False,2.0,true_hard,"same display name, different address: other branch"
dense_hard,train20k-00432-v03,Tiễu Học Cẩm Sơgn 1 Cửa Ôgn,explicit_area_cross_region,osm:way/680054308,Trường Tiểu học Cẩm Sơn 1,,"Phường Cửa Ông, Thành phố Quảng Ninh",osm:node/4782300421,TH 01C,,"01C, Trần Lê, Phường Tiến Thành, Tỉnh Lâm Đồng",shop=convenience,False,3.0,true_hard,"near name, street, or number; different poi"
dense_hard,train20k-03545-v04,Eximbanr 130 Nguyen Cong Tru,brand_branch,osm:node/1998452785,Eximbank,Eximbank,"130, Đường Nguyễn Công Trứ, Phường Sài Gòn, Thành phố Hồ Chí Minh",osm:way/1252962453,130,,"Phường Ngô Quyền, Thành phố Hải Phòng",building=house,False,3.0,true_hard,"near name, street, or number; different poi"
dense_hard,train20k-05476-v03,Ccoonut Basket boat tour - Rừng dừa bảy mẫu,named_clear,osm:node/12295680120,Coconut Basket boat tour - Rừng dừa bảy mẫu,,"Tổ 4, Đường Rừng Dừa Bảy Mẫu, Phường Hội An Đông, Thành phố Đà Nẵng",osm:node/264318945,The awesome instagram photo on the boat,,"Xã Sơn Vĩ, Tỉnh Tuyên Quang",tourism=viewpoint,False,3.0,true_hard,"near name, street, or number; different poi"
dense_hard,train20k-03857-v01,Công an phường Cầu Diễn,explicit_area_cross_region,osm:way/874998872,Công an phường Cầu Diễn,,"Phường Từ Liêm, Hà Nội",osm:way/874998874,UBND phường Cầu Diễn,,"Phường Từ Liêm, Hà Nội",amenity=townhall,False,3.0,true_hard,"near name, street, or number; different poi"
dense_hard,train20k-04433-v04,congh chung Nguyen Thi Bich Tram 799 Duong tinh 741,named_clear,osm:node/12240871442,Văn phòng công chứng Nguyễn Thị Bích Trâm,,"799, Đường tỉnh 741, Xã Phước Hòa, Thành phố Hồ Chí Minh",osm:node/5828066387,Cong an duong thuy,,"Xã Mỹ An Hưng, Tỉnh Đồng Tháp",public_transport=platform,False,2.0,true_hard,"near name, street, or number; different poi"
dense_hard,train20k-03649-v01,1 Đường Lý Thái Tổ Phường Tăng Nhơn Phú,address_street_building,osm:node/4995983640,"1, Đường Lý Thái Tổ",,"1, Đường Lý Thái Tổ, Phường Tăng Nhơn Phú, Thành phố Hồ Chí Minh",osm:node/4995982069,"3A, Đường Lý Thái Tổ",,"3A, Đường Lý Thái Tổ, Phường Tăng Nhơn Phú, Thành phố Hồ Chí Minh",address=,False,4.0,true_hard,"near name, street, or number; different poi"
dense_hard,train20k-00254-v04,96 Ys Nas Kinhs Bắc,building_code,osm:way/1547381455,"96, Phố Y Na",,"96, Phố Y Na, Phường Kinh Bắc, Thành phố Bắc Ninh",osm:node/12982050503,"96, Đường Lê Phụng Hiểu",,"96, Đường Lê Phụng Hiểu, Phường Kinh Bắc, Thành phố Bắc Ninh",address=,False,3.0,true_hard,"near name, street, or number; different poi"
dense_hard,train20k-02503-v03,LotteiraHạnh Thông,brand_branch,osm:node/3326697831,Lotteria,Lotteria,"Phường Hạnh Thông, Thành phố Hồ Chí Minh",osm:node/729602724,Lotteria,Lotteria,"330, Đường Trần Hưng Ðạo, Phường Cầu Ông Lãnh, Thành phố Hồ Chí Minh",amenity=fast_food,False,4.0,true_hard,"same display name, different address: other branch"
dense_hard,train20k-00877-v05,12 Ngoox 119 Chu Mẫux,named_clear,osm:node/13311119448,"12, Ngõ 119 Đường Chu Mẫu",,"12, Ngõ 119 Đường Chu Mẫu, Phường Nam Sơn, Thành phố Bắc Ninh",osm:way/1252962442,119,,"Phường Ngô Quyền, Thành phố Hải Phòng",building=house,False,3.0,true_hard,"near name, street, or number; different poi"
dense_hard,train20k-04819-v01,Nhà Hàng Gà Nướng Bảy Đực 26/4 Xô Viết Nghệ Tinhx,address_street_building,osm:node/4819909822,Nhà Hàng Gà Nướng Bảy Đực,,"26/4, Xô Viết Nghệ Tinhx, Phường Bình Quới, Thành phố Hồ Chí Minh",osm:node/5725806921,nha hang bao khanh,,"Xã Bảo Lạc, Tỉnh Cao Bằng",amenity=restaurant,False,3.0,true_hard,"near name, street, or number; different poi"
dense_hard,train20k-02022-v02,2 Đình Quang Tiến,code_transit_landmark,osm:way/1416106100,Nhà văn hóa Tổ dân phố 2 Đình,,"Đường Quang Tiến, Phường Tây Mỗ, Hà Nội",osm:node/6672782379,"17, Ngõ 25 Đường Quang Tiến",,"17, Ngõ 25 Đường Quang Tiến, Phường Tây Mỗ, Hà Nội",address=,False,3.0,true_hard,"near name, street, or number; different poi"
dense_hard,train20k-00694-v04,Ảnh Phán 60 Ngyuễn Thái Bình,address_street_building,osm:node/2674331004,Cà Phê Anh Phán,,"60, Đường Nguyễn Thái Bình, Phường Bến Thành, Thành phố Hồ Chí Minh",osm:node/5156506323,HUYỀN EM,,"01/03, Ngõ Vọng cung, đường Lê Lợi, TP Thái bình, Phường Trần Hưng Đạo, Tỉnh Hưng Yên",office=telecommunication,False,2.0,true_hard,"near name, street, or number; different poi"
dense_hard,train20k-01172-v06,16 Kiệz Lộ Gioi 331M Phường Sơn Trà Thành phố Đà Nẵng,building_code,osm:node/6506593935,"16, Kiệt Lộ Giời 331M",,"16, Kiệt Lộ Giời 331M, Phường Sơn Trà, Thành phố Đà Nẵng",osm:node/6506612906,"17, Kiệt Lộ Giời 331M",,"17, Kiệt Lộ Giời 331M, Phường Sơn Trà, Thành phố Đà Nẵng",address=|building=residential,False,3.0,true_hard,"near name, street, or number; different poi"
dense_hard,train20k-04283-v03,Kưu điện Thanh Niên 1 Trấn Vũ,explicit_area_cross_region,osm:way/1021404967,Bưu điện Thanh Niên,,"1, Phố Trấn Vũ, Phường Ba Đình, Hà Nội",osm:node/6452382367,Trung Tâm Điện Máy Vũ Trụ,,"Xã Lân Phong, Tỉnh Quảng Ngãi",shop=yes,False,4.0,true_hard,"near name, street, or number; different poi"
dense_hard,train20k-01956-v01,58 Đường Cống Quỳnh,named_clear,osm:node/6572713944,"58, Đường Cống Quỳnh",,"58, Đường Cống Quỳnh, Phường Cẩm Lệ, Thành phố Đà Nẵng",osm:node/6790794851,"148, Đường Cống Quỳnh",,"148, Đường Cống Quỳnh, Phường Bến Thành, Thành phố Hồ Chí Minh",address=,False,3.0,true_hard,"near name, street, or number; different poi"
dense_hard,train20k-02841-v05,nhà 78 Kỹ Hòa,building_code,osm:way/1551376100,"78, Đường Ký Hòa",,"78, Đường Ký Hòa, Phường Chợ Lớn, Thành phố Hồ Chí Minh",osm:way/901148834,Nhà ở,,"78 Tân Nhuệ/Thụy Phương, Phường Đông Ngạc, Hà Nội",building=house,False,3.0,true_hard,"near name, street, or number; different poi"
dense_hard,train20k-05268-v05,nhà 60 Dủổng D1 Phước Long,building_code,osm:node/5269693264,"60, Dủổng D1",,"60, Dủổng D1, Phường Phước Long, Thành phố Hồ Chí Minh",osm:node/5269693228,"39, Dủổng D1",,"39, Dủổng D1, Phường Phước Long, Thành phố Hồ Chí Minh",address=,False,5.0,true_hard,"near name, street, or number; different poi"
dense_hard,train20k-02266-v02,BVĐK Như Thanh,explicit_area_cross_region,osm:way/1021645322,Bệnh viện Đa khoa Như Thanh,,"Xã Như Thanh, Tỉnh Thanh Hóa",osm:node/13730378582,Bến đò Như Nguyệt,,"Xã Tam Giang, Thành phố Bắc Ninh",amenity=ferry_terminal|public_transport=station,False,3.0,true_hard,"near name, street, or number; different poi"
dense_hard,train20k-02565-v02,8 Ngọc Hân Công Chúa,building_code,osm:way/1535145433,"8, Đường Ngọc Hân Công Chúa",,"8, Đường Ngọc Hân Công Chúa, Phường Kinh Bắc, Thành phố Bắc Ninh",osm:way/1391085727,"28, Đường Ngọc Hân Công Chúa",,"28, Đường Ngọc Hân Công Chúa, Phường Kinh Bắc, Thành phố Bắc Ninh",address=|building=yes,False,4.0,true_hard,"near name, street, or number; different poi"
dense_hard,train20k-05909-v05,quán Highlands Coffee Phường Bàn Cờ Hồ Chí Minh,brand_branch,osm:node/9921299163,Highlands Coffee,Highlands Coffee,"Phường Bàn Cờ, Thành phố Hồ Chí Minh",osm:node/2614395020,Highlands Coffee,Highlands Coffee,"Phường Chợ Quán, Thành phố Hồ Chí Minh",amenity=cafe,False,2.0,true_hard,"same display name, different address: other branch"
dense_hard,train20k-01301-v01,Chốt công an Đạ R'Sal Xã Đam Rông 3,explicit_area_cross_region,osm:node/6168286859,Chốt công an Đạ R'Sal,,"Xã Đam Rông 3, Tỉnh Lâm Đồng",osm:node/13483603401,Tuan Ly,,"Xã Đam Rông 3, Tỉnh Lâm Đồng",shop=convenience,False,5.0,true_hard,"near name, street, or number; different poi"
dense_hard,train20k-04959-v02,Công an Đà Lạt Trần Phú,explicit_area_cross_region,osm:node/5634047223,Công an Thành phố Đà Lạt,,"Trần Phú, Phường Xuân Hương - Đà Lạt, Tỉnh Lâm Đồng",osm:way/1427026258,Trại giam Công an tỉnh Lâm Đồng,,"Phường Xuân Trường - Đà Lạt, Tỉnh Lâm Đồng",amenity=prison,False,3.0,true_hard,"near name, street, or number; different poi"
dense_hard,train20k-02885-v02,Xổ số Kiến thiết Cần Thơ 29,building_code,osm:way/1545574439,Công ty Xổ số Kiến thiết Cần Thơ,,"29, Cách Mạng Tháng 8, Phường Ninh Kiều, Thành phố Cần Thơ",osm:node/11919860643,292-294 ĐT. 926,,"Xã Trường Long, Thành phố Cần Thơ",public_transport=platform,False,3.0,true_hard,"near name, street, or number; different poi"
dense_hard,train20k-01384-v03,Agribankk YênMinh,brand_branch,osm:node/4518954200,Agribank,,"Xã Yên Minh, Tỉnh Tuyên Quang",osm:node/4641404335,Agribank ATM,,"159, Xã Yên Minh, Tỉnh Tuyên Quang",amenity=atm,False,4.0,true_hard,"near name, street, or number; different poi"
dense_hard,train20k-02195-v03,Geothe56 Nguyễn Thái Học,address_street_building,osm:node/3679951225,Cà Phê Goethe,,"56, Phố Nguyễn Thái Học, Phường Ba Đình, Hà Nội",osm:node/14158971977,"56, Nguyễn Thái Học",,"56, Nguyễn Thái Học, Phường Phú Thọ Hòa, Thành phố Hồ Chí Minh",address=,False,1.0,true_hard,"near name, street, or number; different poi"
dense_hard,train20k-02440-v01,23 Đường Điện Biên Phủ,category_local,osm:node/977668071,"23, Đường Điện Biên Phủ",,"23, Đường Điện Biên Phủ, Phường Ba Đình, Hà Nội",osm:node/13415288351,"22, Điện Biên Phủ",,"22, Điện Biên Phủ, Phường Gia Định, Thành phố Hồ Chí Minh",address=,False,3.0,true_hard,"near name, street, or number; different poi"
dense_hard,train20k-01015-v05,4423 Nguyễn Cửu Phú Bạc Hóa Xanh,brand_branch,osm:node/7224252388,Bách Hóa Xanh,,"4423, Đường Nguyễn Cửu Phú, Phường Tân Tạo, Thành phố Hồ Chí Minh",osm:node/7226802785,Bách Hóa Xanh,,"390-65-55, KP 3. Đường Số 1 . Quốc lộ 1A, Phường Bình Tân, Thành phố Hồ Chí Minh",shop=convenience,False,4.0,true_hard,"same display name, different address: other branch"
dense_hard,train20k-02372-v05,An Lạc 72 sốx 27,building_code,osm:way/1554259007,"72, Đường số 27",,"72, Đường số 27, Phường An Lạc, Thành phố Hồ Chí Minh",osm:node/6662700962,"27, Đường 72",,"27, Đường 72, Xã An Khánh, Hà Nội",address=,False,2.0,true_hard,"near name, street, or number; different poi"
dense_hard,train20k-03110-v05,quán ăn Bếph Mẹ Ỉn 136/9,category_local,osm:node/4273287558,Quán Bếp Mẹ Ỉn,,"136/9, Đường Lê Thánh Tôn, Phường Bến Thành, Thành phố Hồ Chí Minh",osm:node/11260371137,Bếp Thị,,"31B, Võ Thị Sáu, Phường Thuận Hoá, Thành phố Huế",amenity=restaurant,False,3.0,true_hard,"near name, street, or number; different poi"
dense_hard,train20k-02447-v05,An Hải cậur 8 107 Bùi Hữu Nghĩa,named_clear,osm:node/5216213321,nhà cậu 8,,"107, Bùi Hữu Nghĩa, Phường An Hải, Thành phố Đà Nẵng",osm:node/12007163144,Hải Đăng 8 - BBQ07,,"Xã Gia Lâm, Hà Nội",amenity=bbq,False,4.0,true_hard,"near name, street, or number; different poi"
dense_hard,train20k-03399-v01,CH Tuân Huyền,address_street_building,osm:node/5472104022,CH Tuân Huyền,,"xóm 2, KM 5, QL 21, xóm 2 xã Nam Toanf, Phường Vị Khê, Tỉnh Ninh Bình",osm:node/5395272441,CH Hà Huyền,,"108, Chu Văn, Phường Nam Định, Tỉnh Ninh Bình",shop=department_store,False,2.0,true_hard,"near name, street, or number; different poi"
dense_hard,train20k-05787-v05,nhà 869 Lũy Bán Bích,building_code,osm:way/1557785904,"869, Lũy Bán Bích",,"869, Lũy Bán Bích, Phường Phú Thọ Hòa, Thành phố Hồ Chí Minh",osm:way/1557244830,"78, Lũy Bán Bích",,"78, Lũy Bán Bích, Phường Tân Phú, Thành phố Hồ Chí Minh",address=|building=house,False,4.0,true_hard,"near name, street, or number; different poi"
dense_hard,train20k-01651-v01,Phân hiệu Trường Đại học Nông Lâm Thành phố Hồ Chí Minh tại Gia Lai Trần Nhật Duật,explicit_area_cross_region,osm:way/1288564825,Phân hiệu Trường Đại học Nông Lâm Thành phố Hồ Chí Minh tại Gia Lai,,"Trần Nhật Duật, Phường Diên Hồng, Tỉnh Gia Lai",osm:way/690997162,Phân hiệu Trường Đại học Sư phạm Thành phố Hồ Chí Minh tại Gia Lai,,"Phường Diên Hồng, Tỉnh Gia Lai",amenity=university,False,3.0,true_hard,"near name, street, or number; different poi"
dense_hard,train20k-01297-v01,75 Phố Hàng Bồ Phường Hoàn Kiếm,building_code,osm:way/1508646087,"75, Phố Hàng Bồ",,"75, Phố Hàng Bồ, Phường Hoàn Kiếm, Hà Nội",osm:way/1508646088,"77, Phố Hàng Bồ",,"77, Phố Hàng Bồ, Phường Hoàn Kiếm, Hà Nội",address=|building=yes,False,4.0,true_hard,"near name, street, or number; different poi"
dense_hard,train20k-00807-v01,Banh Mi Bami Hipp,category_local,osm:node/4868939821,Banh Mi Bami Hipp,,"56, Ngõ Huyện, Phường Hoàn Kiếm, Hà Nội",osm:node/11671750165,Banh Mi Mama,,"2, Phường Hoàn Kiếm, Hà Nội",amenity=cafe,False,3.0,true_hard,"near name, street, or number; different poi"
dense_hard,train20k-02013-v06,Puc Dương 34 Quốc lộ 80 Xã Thanh Đông,category_local,osm:node/13948705901,Tạp Hoá Phúc Dương,,"34, Quốc lộ 80, Xã Thạnh Đông, Tỉnh An Giang",osm:node/8971521327,Đối diện đường vào Chùa Diên Phúc (Cạnh Thạch Thảo Lisa) - Quốc lộ 32,,"Xã Hoài Đức, Hà Nội",public_transport=platform,False,4.0,true_hard,"near name, street, or number; different poi"
dense_hard,train20k-02257-v04,Petroimex Phuong NamHong Linh,brand_branch,osm:node/12722252501,Petrolimex,,"Phường Nam Hồng Lĩnh, Hà Tĩnh",osm:node/4386947095,Petrolimex,,"Phường Nam Hồng Lĩnh, Hà Tĩnh",amenity=fuel,False,4.0,false_negative,"same brand name and same admin address, different poi_id"
dense_hard,train20k-01973-v02,Sài Gòn Smile 803 Nguyễn Ái Quốc,category_local,osm:way/1106326526,Nha khoa Sài Gòn Smile,,"803, Đường Nguyễn Ái Quốc, Phường Tam Hiệp, Thành phố Đồng Nai",osm:node/5648126669,Co.op Smile,,"15, Đường Võ Trần Chí, Xã Tân Nhựt, Thành phố Hồ Chí Minh",shop=supermarket,False,3.0,true_hard,"near name, street, or number; different poi"
dense_hard,train20k-05080-v01,68 Đường Nguyễn Đình Chiểu,code_transit_landmark,osm:node/6509223056,"68, Đường Nguyễn Đình Chiểu",,"68, Đường Nguyễn Đình Chiểu, Phường Ngũ Hành Sơn, Thành phố Đà Nẵng",osm:node/5830243411,68,,"68, Nguyễn Đình Chiểu, Phường Cao Lãnh, Tỉnh Đồng Tháp",address=,False,3.0,true_hard,"near name, street, or number; different poi"
dense_hard,train20k-05061-v02,PV Oil Lâm Sơn,brand_branch,osm:node/5558806922,PV Oil,PV Oil,"Xã Lâm Sơn, Khánh Hòa",osm:node/3856720332,PV Oil,,"Xã Lương Sơn, Tỉnh Lâm Đồng",amenity=fuel,False,1.0,true_hard,"same display name, different address: other branch"
dense_hard,train20k-03599-v05,nhà 6 Nguyễnk Công Trứ Buôn Ma Thuột,building_code,osm:way/228992637,"6, Nguyễn Công Trứ",,"6, Nguyễn Công Trứ, Phường Buôn Ma Thuột, Tỉnh Đắk Lắk",osm:node/10691072508,26yplo,,"Y Plô Êban, Phường Buôn Ma Thuột, Tỉnh Đắk Lắk",tourism=guest_house,False,3.0,true_hard,"near name, street, or number; different poi"
dense_hard,train20k-02217-v01,Petrolimex Kiến Xương,brand_branch,osm:node/9702415112,Petrolimex,Petrolimex,"Xã Kiến Xương, Tỉnh Hưng Yên",osm:node/5151255422,Petrolimex,,"Xã Toàn Lưu, Hà Tĩnh",amenity=fuel,False,3.0,true_hard,"same display name, different address: other branch"
dense_hard,train20k-00870-v02,Giác Nguyên 129 Quốc lộ 27,address_street_building,osm:node/5558806826,Tổ Đình Sắc Tứ Giác Nguyên,,"129, Quốc lộ 27, Xã D'Ran, Tỉnh Lâm Đồng",osm:node/11358473366,Chùa Giác Viên,,"Quốc lộ 27, Xã D'Ran, Tỉnh Lâm Đồng",amenity=place_of_worship,False,4.0,true_hard,"near name, street, or number; different poi"
dense_hard,train20k-02645-v02,Phước Hải Sầm Sơn,code_transit_landmark,osm:node/8434370594,Chùa Phước Hải,,"Phường Sầm Sơn, Tỉnh Thanh Hóa",osm:node/6505866286,chú sơn,,"Xã Phước Hải, Thành phố Hồ Chí Minh",shop=convenience,False,3.0,true_hard,"near name, street, or number; different poi"
dense_hard,train20k-02980-v02,OCB Vũng Tàu 148,address_street_building,osm:node/4538755889,OCB Bà Rịa Vũng Tàu,,"148, Lê Hồng Phong, Phường Vũng Tàu, Thành phố Hồ Chí Minh",osm:node/5611412159,"148, Trần Phú",,"148, Trần Phú, Phường Vũng Tàu, Thành phố Hồ Chí Minh",address=,False,3.0,true_hard,"near name, street, or number; different poi"
dense_hard,train20k-02573-v03,PretolimexChư A Thai,brand_branch,osm:node/13011289001,Petrolimex,,"Xã Chư A Thai, Tỉnh Gia Lai",osm:node/13011288901,Petrolimex,,"Xã Chư A Thai, Tỉnh Gia Lai",amenity=fuel,False,1.0,false_negative,"same brand name and same admin address, different poi_id"
dense_hard,train20k-05505-v02,Coopmart Hậu Giang 188 Hậu Giang,brand_branch,osm:way/1042905823,Co.opmart Hậu Giang,,"188, Hậu Giang, Phường Bình Tây, Thành phố Hồ Chí Minh",osm:node/12173037181,WinMart,WinMart,"188, Phố Tây Sơn, Xã Đan Phượng, Hà Nội",shop=supermarket,False,5.0,true_hard,"near name, street, or number; different poi"
dense_hard,train20k-05822-v03,Adnong Gukbap,category_local,osm:way/1349541583,Andong Gukbap,,"67-69, Phan Khiêm Ích, Phường Tân Hưng, Thành phố Hồ Chí Minh",osm:node/5852038995,LAY DO A NGON,,"Xã Bình Phú, Tỉnh Đồng Tháp",public_transport=platform,False,3.0,true_hard,"near name, street, or number; different poi"
dense_hard,train20k-02687-v04,Thùys trang hội nghia,address_street_building,osm:node/4725094907,Thùy trang,,"747, hội nghĩa, Phường Bình Cơ, Thành phố Hồ Chí Minh",osm:node/3294360348,Nga Nghi sign,,"Xã Tuần Giáo, Tỉnh Điện Biên",tourism=guest_house,False,4.0,true_hard,"near name, street, or number; different poi"
dense_hard,train20k-02109-v04,Snog Long 38 Luy BanBich,category_local,osm:node/14161776766,Quán Song Long,,"38, Lũy Bán Bích, Phường Tân Phú, Thành phố Hồ Chí Minh",osm:way/1270291371,38-39,,"Đặc khu Phú Quốc, Tỉnh An Giang",building=hotel,False,2.0,true_hard,"near name, street, or number; different poi"
dense_hard,train20k-05333-v05,cây xăng Petrolimex Đông Thành,brand_branch,osm:node/6545476250,Petrolimex,Petrolimex,"Xã Đông Thành, Tỉnh Tây Ninh",osm:node/11340512446,Petrolimex,Petrolimex,"Phường Đông Kinh, Tỉnh Lạng Sơn",amenity=fuel,False,4.0,true_hard,"same display name, different address: other branch"
dense_hard,train20k-04512-v02,Đồng Tân 1620A Nguyễn Ái Quốc,named_clear,osm:way/992475871,Công ty Cổ phần Đồng Tân,,"1620A, Nguyễn Ái Quốc, Phường Tân Triều, Thành phố Đồng Nai",osm:way/992475881,LH Veston,,"1622D, Đường Nguyễn Ái Quốc, Phường Tân Triều, Thành phố Đồng Nai",shop=tailor|building=yes,False,4.0,true_hard,"near name, street, or number; different poi"
dense_hard,train20k-01436-v06,167 Đườz Tieu La Phường Hòa Cường Thành phố Đà Nẵng,named_clear,osm:node/6548471269,"167, Đường Tiểu La",,"167, Đường Tiểu La, Phường Hòa Cường, Thành phố Đà Nẵng",osm:node/6563961973,"16, Đường Tiểu La",,"16, Đường Tiểu La, Phường Hòa Cường, Thành phố Đà Nẵng",address=,False,2.0,true_hard,"near name, street, or number; different poi"
dense_hard,train20k-03025-v02,Vietcombank 50 Lò Đúc,brand_branch,osm:node/1491048118,Vietcombank,Vietcombank,"50, Phố Lò Đúc, Phường Hai Bà Trưng, Hà Nội",osm:node/1491048127,Ngân hàng Vietcombank,,"125D, Lò Đúc, Phường Hai Bà Trưng, Hà Nội",amenity=atm,False,2.0,true_hard,"near name, street, or number; different poi"
dense_hard,train20k-04312-v04,Hungh199  Vuong,building_code,osm:way/694337420,"199, Đường Hùng Vương",,"199, Đường Hùng Vương, Phường Hải Châu, Thành phố Đà Nẵng",osm:node/4954089124,Vuon Uom NGOc Huong,,"118/35/9, Trần Phú, Phường B'Lao, Tỉnh Lâm Đồng",shop=florist,False,3.0,true_hard,"near name, street, or number; different poi"
dense_hard,train20k-02977-v05,nhà 9 Ngồ 896 Thiên Đức,named_clear,osm:node/13283327380,"9, Ngõ 896 Đường Thiên Đức",,"9, Ngõ 896 Đường Thiên Đức, Phường Kinh Bắc, Thành phố Bắc Ninh",osm:node/13283327392,"10, Ngõ 896 Đường Thiên Đức",,"10, Ngõ 896 Đường Thiên Đức, Phường Kinh Bắc, Thành phố Bắc Ninh",address=,False,2.0,true_hard,"near name, street, or number; different poi"
dense_hard,train20k-03432-v05,ngân hàng Cônh Thương Tân Thành Lai Vung,brand_branch,osm:node/4871057504,Ngân hàng TMCP Công Thương Tân Thành,VietinBank,"Ngã 5 Lai Vung, Xã Lai Vung, Tỉnh Đồng Tháp",osm:way/557184248,Ngân hàng Vietconbank,,"Phường Thành Sen, Hà Tĩnh",building=retail,False,4.0,true_hard,"near name, street, or number; different poi"
dense_hard,train20k-00874-v02,T611 03 Nguyễn Tất Thành,building_code,osm:way/239927899,Nhà khách T611,,"03, Nguyễn Tất Thành, Phường Buôn Ma Thuột, Tỉnh Đắk Lắk",osm:node/11894187979,601 Nguyễn Tất Thành,,"Phường Hội An Tây, Thành phố Đà Nẵng",public_transport=platform,False,4.0,true_hard,"near name, street, or number; different poi"
dense_hard,train20k-02796-v06,14 Đườngg 6B Phường An Lạc,building_code,osm:way/1545498090,"14, Đường 6B",,"14, Đường 6B, Phường An Lạc, Thành phố Hồ Chí Minh",osm:way/1545498088,"16, Đường 6B",,"16, Đường 6B, Phường An Lạc, Thành phố Hồ Chí Minh",address=|building=yes,False,4.0,true_hard,"near name, street, or number; different poi"
dense_hard,train20k-05743-v01,96 Đường Nguyễn Cao Kinh Bắc,building_code,osm:way/1535328211,"96, Đường Nguyễn Cao",,"96, Đường Nguyễn Cao, Phường Kinh Bắc, Thành phố Bắc Ninh",osm:way/1464859147,"64, Đường Nguyễn Cao",,"64, Đường Nguyễn Cao, Phường Kinh Bắc, Thành phố Bắc Ninh",address=|building=yes,False,3.0,true_hard,"near name, street, or number; different poi"
dense_hard,train20k-02397-v03,42E ũyLBán Bích Tân Phú,building_code,osm:way/1557244855,"42E, Lũy Bán Bích",,"42E, Lũy Bán Bích, Phường Tân Phú, Thành phố Hồ Chí Minh",osm:way/1557244856,"42D, Lũy Bán Bích",,"42D, Lũy Bán Bích, Phường Tân Phú, Thành phố Hồ Chí Minh",address=|building=yes,False,1.0,true_hard,"near name, street, or number; different poi"
dense_hard,train20k-00109-v03,691 Lạt Lnog Quâng,category_local,osm:way/702827893,"691, Đường Lạc Long Quân",,"691, Đường Lạc Long Quân, Phường Tây Hồ, Hà Nội",osm:node/8934749270,596 Lạc Long Quân - Cạnh đường vào Công viên Nước Hồ Tây,,"Phường Tây Hồ, Hà Nội",public_transport=platform,False,4.0,true_hard,"near name, street, or number; different poi"
random,train20k-02944-v01,Viettel Store 53 Phố Lương Văn Can,brand_branch,osm:node/12196272301,Viettel Store,Viettel Store,"53, Phố Lương Văn Can, Phường Hoàn Kiếm, Hà Nội",osm:node/5765863553,Tiny building in the rock,,"Phường Hoa Lư, Tỉnh Ninh Bình",tourism=attraction,False,,easy,"random, no query token in negative name/address"
random,train20k-04718-v05,quán Quán 95 36 Trần Hưng Đạo,category_local,osm:node/2319132219,Quán 95,,"36, Trần Hưng Đạo, Phường Vũng Tàu, Thành phố Hồ Chí Minh",osm:node/8934749264,Đối diện Doanh trại Quân đội nhân dân Việt Nam (Cách cột điện CN9/4A 7m) Đường K3 Cầu Diễn,,"Phường Đông Ngạc, Hà Nội",public_transport=platform,False,,easy,"random; shared tokens are generic (city, ward, number), not the same place"
random,train20k-03610-v06,Đốim diện Tiểu học Thái Mỹ Xã Thái Mỹ,explicit_area_cross_region,osm:node/11847381482,Đối diện Trường Tiểu học Thái Mỹ,,"Xã Thái Mỹ, Thành phố Hồ Chí Minh",osm:way/1529565491,Lhala#,,"848, Đường Trần Hưng Ðạo, Phường An Đông, Thành phố Hồ Chí Minh",shop=beauty|building=yes,False,,easy,"random, no query token in negative name/address"
random,train20k-02582-v02,Cà Phê Thái Triệu Việt Vương,category_local,osm:node/4327649345,Cà Phê Thái,,"27, Triệu Việt Vương, Phường Hai Bà Trưng, Hà Nội",osm:node/5392315626,Agribank,Agribank,"Phường Hà Giang 2, Tỉnh Tuyên Quang",amenity=atm,False,,easy,"random, no query token in negative name/address"
random,train20k-03338-v01,Open Hotel,address_street_building,osm:node/4208670097,Open Hotel,,"52-53, Phan Liêm, Phường Ngũ Hành Sơn, Thành phố Đà Nẵng",osm:node/4746316721,điệp,,"17, Nguyễn Văn Trỗi, Phường Bà Rịa, Thành phố Hồ Chí Minh",shop=department_store,False,,easy,"random, no query token in negative name/address"
random,train20k-03425-v05,khách sạn Seak Phoenix 115 Hồ Xuân Hương,category_local,osm:node/4612193833,Sea Phoenix Hotel,,"115, Hồ Xuân Hương, Phường Ngũ Hành Sơn, Thành phố Đà Nẵng",osm:node/12803901840,"54, Đường Số 7",,"54, Đường Số 7, Phường An Lạc, Thành phố Hồ Chí Minh",address=,False,,easy,"random; shared tokens are generic (city, ward, number), not the same place"
random,train20k-00309-v01,Photo Digital Lab 2A Phố Ông Ích Khiêm Ba Đình Hà Nội,category_local,osm:way/1219283149,Photo Digital Lab,,"2A, Phố Ông Ích Khiêm, Phường Ba Đình, Hà Nội",osm:way/1461306982,"31, Đường Thành Phố 4.4",,"31, Đường Thành Phố 4.4, Xã Đông Anh, Hà Nội",address=|building=yes,False,,easy,"random; shared tokens are generic (city, ward, number), not the same place"
random,train20k-05548-v02,56 Ba Tháng Hai,named_clear,osm:node/11332961469,"56, Ba Tháng Hai",,"56, Ba Tháng Hai, Phường Ninh Kiều, Thành phố Cần Thơ",osm:node/11115728991,TNGo - Số 58 Nguyễn Chí Thanh,TNGo,"Phường Láng, Hà Nội",amenity=bicycle_rental,False,,easy,"random, no query token in negative name/address"
random,train20k-01941-v06,Castrolz Phường Tam Thanh Tinh Lạng Sơn,brand_branch,osm:node/4429000092,Castrol,Castrol,"Phường Tam Thanh, Tỉnh Lạng Sơn",osm:node/6783819960,"201, Đường Đoàn Văn Bơ",,"201, Đường Đoàn Văn Bơ, Phường Xóm Chiếu, Thành phố Hồ Chí Minh",address=,False,,easy,"random; shared tokens are generic (city, ward, number), not the same place"
random,train20k-01463-v05,62 Phồ Viềngg B,named_clear,osm:node/13304894425,"62, Phố Viềng B",,"62, Phố Viềng B, Phường Đồng Nguyên, Thành phố Bắc Ninh",osm:way/1314119685,"1, Phố Đông Tác",,"1, Phố Đông Tác, Phường Kim Liên, Hà Nội",address=|building=yes,False,,easy,"random; shared tokens are generic (city, ward, number), not the same place"
random,train20k-04626-v04,Yellowh House Garden Villa Binh Quoi,code_transit_landmark,osm:node/5144783448,Yellow House Garden Villa,,"Phường Bình Quới, Thành phố Hồ Chí Minh",osm:way/1279577381,Tiệm Điện Tuấn Khóa,,"Đặc khu Phú Quốc, Tỉnh An Giang",building=yes,False,,easy,"random, no query token in negative name/address"
random,train20k-00625-v02,10 Kiệt 142 Lê Văn Hiến,named_clear,osm:node/6568555867,"10, Kiệt 142 Lê Văn Hiến",,"10, Kiệt 142 Lê Văn Hiến, Phường Ngũ Hành Sơn, Thành phố Đà Nẵng",osm:node/13230158749,"814, Đường An Dương Vương",,"814, Đường An Dương Vương, Phường Phú Lâm, Thành phố Hồ Chí Minh",address=,False,,easy,"random, no query token in negative name/address"
random,train20k-01029-v03,Lpait XuânHương,named_clear,osm:node/13765768802,Lapit,,"37, Nguyễn Văn Cừ, Phường Xuân Hương - Đà Lạt, Tỉnh Lâm Đồng",osm:node/4563552019,Trạm Y tế Phường 1 Quận 11,,"8/32, Tân Hoá, Phường Minh Phụng, Thành phố Hồ Chí Minh",amenity=clinic|healthcare=clinic,False,,easy,"random, no query token in negative name/address"
random,train20k-00013-v01,Cat Ba Green House 249 Núi Ngọc Cát Hải Hải Phòng,named_clear,osm:node/5100898121,Cat Ba Green House,,"249, Núi Ngọc, Đặc khu Cát Hải, Thành phố Hải Phòng",osm:way/1551825952,"41, Đường số 6E",,"41, Đường số 6E, Phường An Lạc, Thành phố Hồ Chí Minh",address=|building=house,False,,easy,"random, no query token in negative name/address"
random,train20k-05075-v01,ATM Vietcombank Cầu Ông Lãnh Hồ Chí Minh,brand_branch,osm:node/1274090637,ATM Vietcombank,Vietcombank,"Phường Cầu Ông Lãnh, Thành phố Hồ Chí Minh",osm:way/835498190,Yamaha 3S,,"Xã Hồ Tràm, Thành phố Hồ Chí Minh",shop=motorcycle|building=retail,False,,easy,"random; shared tokens are generic (city, ward, number), not the same place"
random,train20k-04739-v02,Liên Châu 58 Trương Vĩnh Ký,address_street_building,osm:node/4856760423,Liên Châu,,"58, Trương Vĩnh Ký, Phường Phước Hội, Tỉnh Lâm Đồng",osm:node/724829458,Vietcombank - ATM,,"Phường Ô Chợ Dừa, Hà Nội",amenity=atm,False,,easy,"random, no query token in negative name/address"
random,train20k-05157-v06,Đềnx Nhân Nội Hàng Bồ Hoàn Kiếm,code_transit_landmark,osm:way/1507957173,Đền Nhân Nội,,"84B, Phố Hàng Bồ, Phường Hoàn Kiếm, Hà Nội",osm:way/974877066,Bưu điện tỉnh Hưng Yên,,"Chùa Chuông, Phường Phố Hiến, Tỉnh Hưng Yên",amenity=post_office|building=yes,False,,easy,"random, no query token in negative name/address"
random,train20k-04469-v06,Philipipne Kinder garden Vũng Tàu Thành phố Hồ Chí Minh,code_transit_landmark,osm:node/5259357821,Philippine Kinder garden,,"Phường Vũng Tàu, Thành phố Hồ Chí Minh",osm:node/12846757301,Good Mart,,"Phường Ngũ Hành Sơn, Thành phố Đà Nẵng",shop=convenience,False,,easy,"random; shared tokens are generic (city, ward, number), not the same place"
random,train20k-03655-v04,55 Chee Lan Vien,named_clear,osm:node/6571044410,"55, Đường Chế Lan Viên",,"55, Đường Chế Lan Viên, Phường Ngũ Hành Sơn, Thành phố Đà Nẵng",osm:node/886005615,Mellow Bar,,"Phường Mũi Né, Tỉnh Lâm Đồng",amenity=bar,False,,easy,"random, no query token in negative name/address"
random,train20k-00906-v03,194 Tháii ThịBôi,named_clear,osm:node/6556199236,"194, Đường Thái Thị Bôi",,"194, Đường Thái Thị Bôi, Phường Thanh Khê, Thành phố Đà Nẵng",osm:node/6538274887,"03, Kiệt 19A Hà Huy Tập",,"03, Kiệt 19A Hà Huy Tập, Phường Thanh Khê, Thành phố Đà Nẵng",address=,False,,easy,"random, no query token in negative name/address"
random,train20k-00613-v04,Cồng Ngyuễn Trãi 652,address_street_building,osm:node/4620131385,Cổng Nguyễn Trãi,,"652, Nguyễn Trãi, Phường Chợ Lớn, Thành phố Hồ Chí Minh",osm:way/905067739,Nơ 3 Linh Đàm,,"Phường Hoàng Liệt, Hà Nội",building=apartments,False,,easy,"random, no query token in negative name/address"
random,train20k-02888-v05,trường Tiêủ học Khánh Hải 3,explicit_area_cross_region,osm:way/543432981,Trường Tiểu học Khánh Hải 3,,"Xã Khánh Hưng, Tỉnh Cà Mau",osm:node/7579660988,TH-Phong - -Phước Vĩnh- phú giáo-Bình Dương-0976894976,,"Xã Phú Giáo, Thành phố Hồ Chí Minh",shop=convenience,False,,easy,"random, no query token in negative name/address"
random,train20k-01322-v01,BIDV Phường Thuận Hoá,brand_branch,osm:node/5297527023,BIDV,BIDV,"Phường Thuận Hoá, Thành phố Huế",osm:way/1210228282,"196, Ngõ Xã Đàn 2",,"196, Ngõ Xã Đàn 2, Phường Đống Đa, Hà Nội",address=|building=yes,False,,easy,"random; shared tokens are generic (city, ward, number), not the same place"
random,train20k-01685-v04,Jeremyx's Kitchen 34 Ngu HanhSon,named_clear,osm:node/13651515001,Jeremy's Kitchen,,"34, Đường Ngũ Hành Sơn, Phường Ngũ Hành Sơn, Thành phố Đà Nẵng",osm:node/12799703806,"541/14/11, Hẻm 541/14 Tỉnh Lộ 10",,"541/14/11, Hẻm 541/14 Tỉnh Lộ 10, Phường An Lạc, Thành phố Hồ Chí Minh",address=,False,,easy,"random, no query token in negative name/address"
random,train20k-02292-v05,Định Công Hạ 103 Ngõx 99,address_street_building,osm:node/6592074558,"103, Ngõ 99 Định Công Hạ",,"103, Ngõ 99 Định Công Hạ, Phường Định Công, Hà Nội",osm:node/3393595444,Ca Grotto,,"Phường Nam Hoa Lư, Tỉnh Ninh Bình",tourism=attraction,False,,easy,"random, no query token in negative name/address"
random,train20k-03846-v05,quán Bánhq cuốn Gia An 70 Trung Hoà,category_local,osm:node/5030033123,Bánh cuốn Gia An,,"70, Phố Trung Hoà, Phường Yên Hòa, Hà Nội",osm:node/11051539239,Chợ Yên Dạ,,"Xã Thạch Bình, Tỉnh Thanh Hóa",amenity=marketplace,False,,easy,"random; shared tokens are generic (city, ward, number), not the same place"
random,train20k-05825-v04,BIDVan 4-6 Vo Van Kiet,brand_branch,osm:way/230802597,BIDV,BIDV,"4-6, Võ Văn Kiệt, Phường Sài Gòn, Thành phố Hồ Chí Minh",osm:node/4739119252,"1b, Phố Tô Tịch",,"1b, Phố Tô Tịch, Phường Hoàn Kiếm, Hà Nội",address=,False,,easy,"random, no query token in negative name/address"
random,train20k-05217-v01,39 Trần Trung Tri Hội An,named_clear,osm:node/13411583361,"39, Trần Trung Tri",,"39, Trần Trung Tri, Phường Hội An, Thành phố Đà Nẵng",osm:node/12373245563,"8, Phố Chợ Gạo",,"8, Phố Chợ Gạo, Phường Hoàn Kiếm, Hà Nội",address=,False,,easy,"random, no query token in negative name/address"
random,train20k-05590-v06,Côngx an phường Phổ Ninh Đức Phổ,explicit_area_cross_region,osm:way/1292409914,Công an phường Phổ Ninh,,"Phường Đức Phổ, Tỉnh Quảng Ngãi",osm:way/1396507642,Chùa Nam Lạng,,"Xã Cổ Lễ, Tỉnh Ninh Bình",amenity=place_of_worship|building=yes,False,,easy,"random; shared tokens are generic (city, ward, number), not the same place"
random,train20k-00418-v06,260 Dườn Nghệ An Hãi,code_transit_landmark,osm:node/6506880805,"260, Đường Dương Đình Nghệ",,"260, Đường Dương Đình Nghệ, Phường An Hải, Thành phố Đà Nẵng",osm:node/13530641701,Là Việt Coffee,,"32, Phố Vạn Bảo, Phường Ngọc Hà, Hà Nội",amenity=cafe,False,,easy,"random, no query token in negative name/address"
random,train20k-04565-v04,Crocsh Lang,brand_branch,osm:node/11985285021,Crocs,Crocs,"Phường Láng, Hà Nội",osm:node/12853200249,Cantona,,"Phường Ngũ Hành Sơn, Thành phố Đà Nẵng",tourism=hotel,False,,easy,"random, no query token in negative name/address"
random,train20k-02712-v03,Vinahdu356A Minh Khai,building_code,osm:way/1511266830,Văn phòng - Chung cư 356A Minh Khai (Vinahud),,"356A, Phố Minh Khai, Phường Vĩnh Tuy, Hà Nội",osm:node/7116707486,NGO Coffee & Juice,,"Đặc khu Côn Đảo, Thành phố Hồ Chí Minh",amenity=cafe,False,,easy,"random; shared tokens are generic (city, ward, number), not the same place"
random,train20k-01165-v04,VietABanxk Dien Bien Phu Thanh Khe,brand_branch,osm:way/694479608,VietABank,VietABank,"Đường Điện Biên Phủ, Phường Thanh Khê, Thành phố Đà Nẵng",osm:way/1533417512,"80/18, Đường Lê Hồng Phong",,"80/18, Đường Lê Hồng Phong, Phường Chợ Quán, Thành phố Hồ Chí Minh",address=|building=yes,False,,easy,"random; shared tokens are generic (city, ward, number), not the same place"
random,train20k-02446-v01,Tạp hóa Ninh Giang 14 422/14/20,category_local,osm:way/582758186,Tạp hóa Ninh Giang,,"14, 422/14/20, Phường Việt Hưng, Hà Nội",osm:node/6452396285,Motorbike for Rent,,"Phường Xuân Hương - Đà Lạt, Tỉnh Lâm Đồng",amenity=motorcycle_rental,False,,easy,"random, no query token in negative name/address"
random,train20k-02153-v04,42F;44 nLuy BanBich Tan Phu,building_code,osm:way/1557244852,"42F;44, Lũy Bán Bích",,"42F;44, Lũy Bán Bích, Phường Tân Phú, Thành phố Hồ Chí Minh",osm:way/294351725,Đình thần Tam Thiện,,"Xã Phước Thái, Thành phố Đồng Nai",amenity=place_of_worship|building=yes,False,,easy,"random, no query token in negative name/address"
random,train20k-03603-v02,WinMart+ 90 Kim Giang,address_street_building,osm:node/5609998744,WinMart+,WinMart+,"90, Đường Kim Giang, Phường Định Công, Hà Nội",osm:node/4914755221,Nhà riêng,,"225, Kim Ngưu, Phường Vĩnh Tuy, Hà Nội",shop=confectionery,False,,easy,"random; shared tokens are generic (city, ward, number), not the same place"
random,train20k-04230-v01,tạp hóa 145 Nguyễn Trung Trực An Hải,category_local,osm:node/5762588368,tạp hóa,,"145, Nguyễn Trung Trực, Phường An Hải, Thành phố Đà Nẵng",osm:node/13342318673,Nhà Hàng Hoang,,"Phường Bến Thành, Thành phố Hồ Chí Minh",amenity=restaurant,False,,easy,"random, no query token in negative name/address"
random,train20k-01531-v06,Agribankz Le Đức Thọ Phường Hạnh Thông Thành phố Hồ Chí Minh,brand_branch,osm:node/6772848756,Agribank,Agribank,"Lê Đức Thọ, Phường Hạnh Thông, Thành phố Hồ Chí Minh",osm:way/1188491000,BIDV,BIDV,"Phường Gia Viên, Thành phố Hải Phòng",amenity=bank|building=yes,False,,easy,"random; shared tokens are generic (city, ward, number), not the same place"
random,train20k-05275-v06,43 Bắcx Hà Kinh Bắc,building_code,osm:way/1528178243,"43, Phố Bắc Hà",,"43, Phố Bắc Hà, Phường Kinh Bắc, Thành phố Bắc Ninh",osm:way/971329313,K8,,"Phường Chiềng Sinh, Tỉnh Sơn La",building=dormitory,False,,easy,"random, no query token in negative name/address"
random,train20k-01337-v01,167 Dương Đình Hội Phường Phước Long,code_transit_landmark,osm:node/5102376011,"167, Dương Đình Hội",,"167, Dương Đình Hội, Phường Phước Long, Thành phố Hồ Chí Minh",osm:node/12781929563,KD2 Lobby,,"Phường Đông Hải, Thành phố Hải Phòng",office=company,False,,easy,"random; shared tokens are generic (city, ward, number), not the same place"
random,train20k-02250-v05,2 quang vinh 1 cho quang vinh 1 Tân Hiệp Km ngân,address_street_building,osm:node/4725143089,Kim ngân 2,,"quang vinh 1, cho quang vinh 1, Phường Tân Hiệp, Thành phố Hồ Chí Minh",osm:node/2954411133,TPbank,,"Phường Tân Mỹ, Thành phố Hồ Chí Minh",amenity=bank,False,,easy,"random; shared tokens are generic (city, ward, number), not the same place"
random,train20k-00398-v06,Vn 75 Nguyễn Hộy,named_clear,osm:node/4733541322,Van tan,,"75, Nguyễn Hội, Phường Bình Thuận, Tỉnh Lâm Đồng",osm:node/12830376536,Phu Sa,,"Phường Ngũ Hành Sơn, Thành phố Đà Nẵng",amenity=restaurant,False,,easy,"random, no query token in negative name/address"
random,train20k-00992-v02,TH Trần Phú Xuân Sơn,explicit_area_cross_region,osm:way/574069805,Trường Tiểu học Trần Phú,,"Xã Xuân Sơn, Thành phố Hồ Chí Minh",osm:node/13479399998,Mây Coffee,,"5P, Phố Ngô Miễn Thiệu, Phường Kinh Bắc, Thành phố Bắc Ninh",amenity=cafe,False,,easy,"random, no query token in negative name/address"
random,train20k-05106-v01,Trường Tiểu học Hòa Khương,explicit_area_cross_region,osm:node/11903086035,Trường Tiểu học Hòa Khương,,"Xã Hòa Tiến, Thành phố Đà Nẵng",osm:node/11358233688,Khách sạn Mường Thanh Grand Lào Cai,,"Phường Lào Cai, Tỉnh Lào Cai",tourism=hotel,False,,easy,"random, no query token in negative name/address"
random,train20k-03554-v02,WinMart+ Vĩnh Khang Ngọc Hồi,brand_branch,osm:node/12135061839,WinMart+,WinMart+,"Đường Vĩnh Khang, Xã Ngọc Hồi, Hà Nội",osm:way/1462773946,"5, Ánh Dương 3",,"5, Ánh Dương 3, Xã Đông Anh, Hà Nội",address=|building=yes,False,,easy,"random, no query token in negative name/address"
random,train20k-04813-v05,cửa hàng Tạp Hóa Hồng Linh 80 Quốc Lộ 50,address_street_building,osm:node/4774016550,Tạp Hóa Hồng Linh,,"80, Quốc Lộ 50, Phường Bình Đông, Thành phố Hồ Chí Minh",osm:node/5253349908,tiểu học châu Hưng,,"Xã Phú Lộc, Thành phố Cần Thơ",amenity=school,False,,easy,"random, no query token in negative name/address"
random,train20k-01418-v06,Cănz Tin Ngoc Huệ 235 Nguyễn Văn Cừ Phường Chợ Quán,category_local,osm:way/1184231456,Căn Tin Ngọc Huệ,,"235, Nguyễn Văn Cừ, Phường Chợ Quán, Thành phố Hồ Chí Minh",osm:node/729406607,Cafe153,,"Phường Hải Châu, Thành phố Đà Nẵng",amenity=cafe,False,,easy,"random; shared tokens are generic (city, ward, number), not the same place"
random,train20k-02072-v06,32 nVũ Gioi Phường Kinh Bắc,building_code,osm:way/1527443030,"32, Phố Vũ Giới",,"32, Phố Vũ Giới, Phường Kinh Bắc, Thành phố Bắc Ninh",osm:node/4486690492,Ly Quoc Thang Home stay,,"Xã Quản Bạ, Tỉnh Tuyên Quang",tourism=guest_house,False,,easy,"random, no query token in negative name/address"
random,train20k-00703-v02,Novotel Saigon Centre 167 Hai Bà Trưng,brand_branch,osm:way/193142046,Khách Sạn Novotel Saigon Centre,Novotel,"167, Hai Bà Trưng, Phường Xuân Hòa, Thành phố Hồ Chí Minh",osm:node/3237589175,Hồng Ngọc,,"Xã Tuy Phước, Tỉnh Gia Lai",amenity=cafe,False,,easy,"random, no query token in negative name/address"
random,train20k-02411-v05,Võ Thị Sáu Nha Trang Agribnkka,brand_branch,osm:node/13793443701,Agribank,Agribank,"9, Võ Thị Sáu, Phường Nha Trang, Khánh Hòa",osm:node/14068669900,Banh Bao Ong Muon,,"181, Phố Hàng Kênh, Phường Lê Chân, Thành phố Hải Phòng",amenity=restaurant,False,,easy,"random, no query token in negative name/address"
lexical_hard,train20k-04446-v01,299 Hai Bà Trưng Xuân Hòa,named_clear,osm:node/12799683289,"299, Hai Bà Trưng",,"299, Hai Bà Trưng, Phường Xuân Hòa, Thành phố Hồ Chí Minh",osm:node/3235666541,"377, Hẻm 373 Hai Bà Trưng;Hai Bà Trưng",,"377, Hẻm 373 Hai Bà Trưng;Hai Bà Trưng, Phường Xuân Hòa, Thành phố Hồ Chí Minh",amenity=cafe,False,1.0,true_hard,"near name, street, or number; different poi"
lexical_hard,train20k-05222-v05,nhà 65 Nguyễn Cừ,named_clear,osm:node/13159845745,"65, Đường Nguyễn Cừ",,"65, Đường Nguyễn Cừ, Phường An Khánh, Thành phố Hồ Chí Minh",osm:node/13734115701,Pho 65,,"Phường Bắc Nha Trang, Khánh Hòa",amenity=restaurant,False,1.0,true_hard,"near name, street, or number; different poi"
lexical_hard,train20k-01739-v05,27 Bến Nghé Maisonq Marou,named_clear,osm:node/12240167287,Maison Marou Hue,,"27, Bến Nghé, Phường Thuận Hoá, Thành phố Huế",osm:node/4633807289,Maison Marou French cafe,,"167-169, Đường Calmette, Phường Bến Thành, Thành phố Hồ Chí Minh",amenity=cafe,False,1.0,true_hard,"near name, street, or number; different poi"
lexical_hard,train20k-04694-v06,Karaoeke 43 143 Đào Duy Anh Phường Đức Nhuận,address_street_building,osm:node/3625601698,Quán Karaoke 43,,"143, Đào Duy Anh, Phường Đức Nhuận, Thành phố Hồ Chí Minh",osm:node/3191334383,"54, Đào Duy Anh",,"54, Đào Duy Anh, Phường Đức Nhuận, Thành phố Hồ Chí Minh",address=,False,1.0,true_hard,"near name, street, or number; different poi"
lexical_hard,train20k-02795-v04,Tuấns thaảo 28,address_street_building,osm:node/4320470289,Tuấn thảo,,"28, Ngõ Nhà Thờ, Phường Lê Chân, Thành phố Hải Phòng",osm:node/11742904069,Tuans,,"Phường Nha Trang, Khánh Hòa",amenity=restaurant,False,1.0,true_hard,"near name, street, or number; different poi"
lexical_hard,train20k-03065-v02,BVĐK Sầm Sơn,explicit_area_cross_region,osm:way/1008018210,Bệnh viện Đa khoa Sầm Sơn,,"Phường Sầm Sơn, Tỉnh Thanh Hóa",osm:way/704056834,FLC Golf Links Sầm Sơn,,"Phường Sầm Sơn, Tỉnh Thanh Hóa",leisure=golf_course,False,1.0,true_hard,"near name, street, or number; different poi"
lexical_hard,train20k-03134-v04,VPBakn Kinh Duong Vuong,brand_branch,osm:node/6726974351,ATM VPBank,,"Đường Kinh Dương Vương, Phường Phú Lâm, Thành phố Hồ Chí Minh",osm:node/6542990376,"249, Đường Kinh Dương Vương",,"249, Đường Kinh Dương Vương, Phường Thanh Khê, Thành phố Đà Nẵng",address=,False,1.0,true_hard,"near name, street, or number; different poi"
lexical_hard,train20k-05650-v04,98 Phanh Chue Trinh,address_street_building,osm:node/3234304127,Thiết kế web Thanh Hóa,,"98, Phan Chu Trinh, Phường Hạc Thành, Tỉnh Thanh Hóa",osm:way/1256116853,98,,"98 Lô 3E, Đường Lê Hồng Phong, Phường Ngô Quyền, Thành phố Hải Phòng",address=|building=yes,False,1.0,true_hard,"near name, street, or number; different poi"
lexical_hard,train20k-03154-v02,ABBank Cầu Kiệu,brand_branch,osm:node/3654067018,ABBank,ABBank,"Phường Cầu Kiệu, Thành phố Hồ Chí Minh",osm:node/11753277702,Cầu Kiệu,,"Phường Cầu Kiệu, Thành phố Hồ Chí Minh",public_transport=platform,False,2.0,true_hard,"near name, street, or number; different poi"
lexical_hard,train20k-04409-v05,nhà 26 Đường An Phú,address_street_building,osm:node/5021975280,"26, Đường An Phú",,"26, Đường An Phú, Phường An Khánh, Thành phố Hồ Chí Minh",osm:way/1368124619,Nhà 26,,"Đường Phú Khê, Xã Đức Hợp, Tỉnh Hưng Yên",building=house,False,1.0,true_hard,"near name, street, or number; different poi"
lexical_hard,train20k-04310-v01,Trạm Y tế phường Ninh Xá 34 Ngõ 26 Đường Huyền Quang,explicit_area_cross_region,osm:way/1346594501,Trạm Y tế phường Ninh Xá,,"34, Ngõ 26 Đường Huyền Quang, Phường Kinh Bắc, Thành phố Bắc Ninh",osm:node/13428634091,"38, Ngõ 26 Đường Huyền Quang",,"38, Ngõ 26 Đường Huyền Quang, Phường Kinh Bắc, Thành phố Bắc Ninh",address=,False,2.0,true_hard,"near name, street, or number; different poi"
lexical_hard,train20k-02454-v02,PNJ Bình Thới,brand_branch,osm:node/5608880680,PNJ,PNJ,"Phường Bình Thới, Thành phố Hồ Chí Minh",osm:node/5608880624,PNJ,PNJ,"Phường Tân Thới Hiệp, Thành phố Hồ Chí Minh",shop=jewelry,False,1.0,true_hard,"same display name, different address: other branch"
lexical_hard,train20k-03988-v01,B41 38 Trần Cao Vân Thuận Hoá,building_code,osm:node/6937613986,B41,,"38, Trần Cao Vân, Phường Thuận Hoá, Thành phố Huế",osm:node/4728745252,"38, Trẫn Cao Van",,"38, Trẫn Cao Van, Phường Thuận Hoá, Thành phố Huế",address=,False,2.0,true_hard,"near name, street, or number; different poi"
lexical_hard,train20k-02973-v06,34 Thốnh Nhất Phường Phú Thọ Hòa,named_clear,osm:node/14161650039,"34, Thống Nhất",,"34, Thống Nhất, Phường Phú Thọ Hòa, Thành phố Hồ Chí Minh",osm:node/4476256089,Long nhật thái,,"Phường Tân Hòa, Tỉnh Phú Thọ",office=government,False,1.0,true_hard,"near name, street, or number; different poi"
lexical_hard,train20k-00800-v04,Pàris Gateauxx 35 Nguyễn Chí Thanh,address_street_building,osm:node/5485766418,Cửa Hàng Bánh Ngọt Paris Gateaux,,"35, Đường Nguyễn Chí Thanh, Phường Giảng Võ, Hà Nội",osm:node/5345103900,"35/11, Hẻm 35 Nghĩa Phát",,"35/11, Hẻm 35 Nghĩa Phát, Phường Tân Hòa, Thành phố Hồ Chí Minh",address=,False,1.0,true_hard,"near name, street, or number; different poi"
lexical_hard,train20k-04261-v04,TRINHh THANH THUY 193 Man Thien,named_clear,osm:node/4888914024,TRINH THANH THUY,,"193, Man Thiện, Phường Tăng Nhơn Phú, Thành phố Hồ Chí Minh",osm:node/6620617280,"9, Ngõ 193 Phúc Lợi",,"9, Ngõ 193 Phúc Lợi, Phường Phúc Lợi, Hà Nội",address=,False,1.0,true_hard,"near name, street, or number; different poi"
lexical_hard,train20k-04782-v02,45 Giang Liễu,named_clear,osm:node/13308169764,"45, Phố Giang Liễu",,"45, Phố Giang Liễu, Phường Phương Liễu, Thành phố Bắc Ninh",osm:node/13028139676,"5, Phố Giang Liễu 2",,"5, Phố Giang Liễu 2, Phường Phương Liễu, Thành phố Bắc Ninh",address=,False,1.0,true_hard,"near name, street, or number; different poi"
lexical_hard,train20k-01884-v05,Hòa Xuân petrolimeq,brand_branch,osm:way/693764818,petrolimex,petrolimex,"Phường Hòa Xuân, Thành phố Đà Nẵng",osm:node/5563197021,Xuân Hải B,,"3 tháng 2, Xã Xuân Hải, Khánh Hòa",amenity=kindergarten,False,1.0,true_hard,"near name, street, or number; different poi"
lexical_hard,train20k-04237-v04,Dah03  Moc 5,named_clear,osm:node/6548229213,"03, Đường Đá Mọc 5",,"03, Đường Đá Mọc 5, Phường Hòa Khánh, Thành phố Đà Nẵng",osm:node/6548240840,"38, Đường Đá Mọc 5",,"38, Đường Đá Mọc 5, Phường Hòa Khánh, Thành phố Đà Nẵng",address=,False,1.0,true_hard,"near name, street, or number; different poi"
lexical_hard,train20k-04000-v06,Petrolimexcv Mường Kim Xã Mường Kim,brand_branch,osm:node/12767992202,Petrolimex,,"Xã Mường Kim, Tỉnh Lai Châu",osm:node/13272451482,Kim Bôi,,"Xã Mường Động, Tỉnh Phú Thọ",public_transport=platform,False,1.0,true_hard,"near name, street, or number; different poi"
lexical_hard,train20k-04625-v05,nhà K39/43 Thành Vinh 1,building_code,osm:node/6507253141,"K39/43, Đường Thành Vinh 1",,"K39/43, Đường Thành Vinh 1, Phường Sơn Trà, Thành phố Đà Nẵng",osm:node/4695234389,Nhà riêng,,"22, Ngõ 1 Yết Kiêu, Phường Vĩnh Phúc, Tỉnh Phú Thọ",tourism=hostel,False,1.0,true_hard,"near name, street, or number; different poi"
lexical_hard,train20k-00745-v01,421 Đường Đồng Khởi Tam Hiệp,named_clear,osm:way/973943611,"421, Đường Đồng Khởi",,"421, Đường Đồng Khởi, Phường Tam Hiệp, Thành phố Đồng Nai",osm:way/1448398211,"421/38, Đường Đồng Khởi",,"421/38, Đường Đồng Khởi, Phường Tam Hiệp, Thành phố Đồng Nai",address=|building=house,False,1.0,true_hard,"near name, street, or number; different poi"
lexical_hard,train20k-00679-v06,sốx 7 yên thái Phường Hoàn Kiếm Hà Nội,address_street_building,osm:node/4752344821,số 7 yên thái,,"7, Yên Thái, Phường Hoàn Kiếm, Hà Nội",osm:node/998227856,"27, Yên Thái",,"27, Yên Thái, Phường Hoàn Kiếm, Hà Nội",address=,False,2.0,true_hard,"near name, street, or number; different poi"
lexical_hard,train20k-01419-v06,Miếuz Năm Bà Ngu Hành Phường An Hội Đông Thành phố Hồ Chí Minh,code_transit_landmark,osm:node/6361818787,Miếu Năm Bà Ngũ Hành,,"Hẻm 114/190/0 Tô Ngọc Vân ( Ấp Doi), Phường An Hội Đông, Thành phố Hồ Chí Minh",osm:way/291493807,Miếu bà Ngũ Hành,,"Phường Đông Hòa, Thành phố Hồ Chí Minh",amenity=place_of_worship|building=yes,False,2.0,true_hard,"near name, street, or number; different poi"
lexical_hard,train20k-04522-v04,Tieuf hoc Nguyen Hue Ia Grai,explicit_area_cross_region,osm:way/1342055071,Trường Tiểu học Nguyễn Huệ,,"Xã Ia Grai, Tỉnh Gia Lai",osm:way/827889671,Ia Grai 1,,"Xã Ia Grai, Tỉnh Gia Lai",building=yes,False,1.0,true_hard,"near name, street, or number; different poi"
