case_id,poi_id,name,brand,ref,category,province,subdistrict,housenumber,street,address_text,address_status,primary_sampling_stratum,name_fold_n,brand_n,name_province_n,clean_reason,legacy_pilot110,clean_pass,clean_notes
g150-001,osm:node/8987527027,Vietcombank,Vietcombank,,amenity=bank,Hà Nội,Phường Định Công,CC2,Phố Nguyễn Hữu Thọ,"CC2, Phố Nguyễn Hữu Thọ, Phường Định Công, Hà Nội",direct,brand_branch,404,363,8,multi_branch_brand_3_400_admin_ok,False,True,admin_complete;address_status=direct;housenumber+street;non_garbage_name;not_legacy_pilot110;stratum=brand_branch;multi_branch_brand_3_400_admin_ok
g150-002,osm:node/8679558960,Hồng Lam Ô mai & Cafe,Hồng Lam,,shop=gift,Tỉnh An Giang,Đặc khu Phú Quốc,ĐTH1-18,Địa Trung Hải 1,"ĐTH1-18, Địa Trung Hải 1, Đặc khu Phú Quốc, Tỉnh An Giang",direct,brand_branch,1,14,1,multi_branch_brand_3_400_admin_ok,False,True,admin_complete;address_status=direct;housenumber+street;non_garbage_name;not_legacy_pilot110;stratum=brand_branch;multi_branch_brand_3_400_admin_ok
g150-003,osm:node/5436848722,Harley-Davidson of Saigon,Harley-Davidson,,shop=motorcycle,Thành phố Hồ Chí Minh,Phường Tân Mỹ,800,Nguyễn Văn Linh,"800, Nguyễn Văn Linh, Phường Tân Mỹ, Thành phố Hồ Chí Minh",direct,brand_branch,1,4,1,multi_branch_brand_3_400_admin_ok,False,True,admin_complete;address_status=direct;housenumber+street;non_garbage_name;not_legacy_pilot110;stratum=brand_branch;multi_branch_brand_3_400_admin_ok
g150-004,osm:way/1343390353,Jollibee,Jollibee,,amenity=fast_food|building=yes,Thành phố Bắc Ninh,Phường Võ Cường,393,Đường Trần Hưng Đạo,"393, Đường Trần Hưng Đạo, Phường Võ Cường, Thành phố Bắc Ninh",direct,brand_branch,38,33,6,multi_branch_brand_3_400_admin_ok,False,True,admin_complete;address_status=direct;housenumber+street;non_garbage_name;not_legacy_pilot110;stratum=brand_branch;multi_branch_brand_3_400_admin_ok
g150-005,osm:node/6325568187,Converse,Converse,,shop=shoes,Thành phố Đà Nẵng,Phường Hải Châu,156,Lê Duẩn,"156, Lê Duẩn, Phường Hải Châu, Thành phố Đà Nẵng",direct,brand_branch,4,4,1,multi_branch_brand_3_400_admin_ok,False,True,admin_complete;address_status=direct;housenumber+street;non_garbage_name;not_legacy_pilot110;stratum=brand_branch;multi_branch_brand_3_400_admin_ok
g150-006,osm:node/8897049818,Circle K,Circle K,,shop=convenience,Hà Nội,Phường Khương Đình,13,Phố Khương Hạ,"13, Phố Khương Hạ, Phường Khương Đình, Hà Nội",direct,brand_branch,211,170,4,multi_branch_brand_3_400_admin_ok,False,True,admin_complete;address_status=direct;housenumber+street;non_garbage_name;not_legacy_pilot110;stratum=brand_branch;multi_branch_brand_3_400_admin_ok
g150-007,osm:way/206245067,Sheraton Nha Trang Hotel & Spa,Sheraton,,tourism=hotel|building=yes,Khánh Hòa,Phường Nha Trang,26-28,Đường Trần Phú,"26-28, Đường Trần Phú, Phường Nha Trang, Khánh Hòa",direct,brand_branch,1,5,1,multi_branch_brand_3_400_admin_ok,False,True,admin_complete;address_status=direct;housenumber+street;non_garbage_name;not_legacy_pilot110;stratum=brand_branch;multi_branch_brand_3_400_admin_ok
g150-008,osm:node/8005555185,Cửa Hàng Ô Mai Hồng Lam Cao Thắng,Hồng Lam,,shop=yes,Thành phố Hồ Chí Minh,Phường Bàn Cờ,17A,Cao Thắng,"17A, Cao Thắng, Phường Bàn Cờ, Thành phố Hồ Chí Minh",direct,brand_branch,1,14,1,multi_branch_brand_3_400_admin_ok,False,True,admin_complete;address_status=direct;housenumber+street;non_garbage_name;not_legacy_pilot110;stratum=brand_branch;multi_branch_brand_3_400_admin_ok
g150-009,osm:node/11533456837,ACB,ACB,,amenity=bank,Thành phố Hải Phòng,Phường Lê Chân,274B,Phố Lạch Tray,"274B, Phố Lạch Tray, Phường Lê Chân, Thành phố Hải Phòng",direct,brand_branch,124,78,8,multi_branch_brand_3_400_admin_ok,False,True,admin_complete;address_status=direct;housenumber+street;non_garbage_name;not_legacy_pilot110;stratum=brand_branch;multi_branch_brand_3_400_admin_ok
g150-010,osm:node/5920056999,Cộng Cà Phê,Cộng Cà Phê,,amenity=cafe,Thành phố Đà Nẵng,Phường Hải Châu,259/15,Nguyễn Chí Thanh,"259/15, Nguyễn Chí Thanh, Phường Hải Châu, Thành phố Đà Nẵng",direct,brand_branch,47,44,7,multi_branch_brand_3_400_admin_ok,False,True,admin_complete;address_status=direct;housenumber+street;non_garbage_name;not_legacy_pilot110;stratum=brand_branch;multi_branch_brand_3_400_admin_ok
g150-011,osm:node/12833589502,HDBank,HDBank,,amenity=bank,Hà Nội,Phường Kim Liên,59,Phố Xã Đàn,"59, Phố Xã Đàn, Phường Kim Liên, Hà Nội",direct,brand_branch,34,27,5,multi_branch_brand_3_400_admin_ok,False,True,admin_complete;address_status=direct;housenumber+street;non_garbage_name;not_legacy_pilot110;stratum=brand_branch;multi_branch_brand_3_400_admin_ok
g150-012,osm:node/13575063123,Cà phê Trung Nguyên,Trung Nguyên,,amenity=cafe,Tỉnh Gia Lai,Phường Quy Nhơn Nam,172,Diên Hồng,"172, Diên Hồng, Phường Quy Nhơn Nam, Tỉnh Gia Lai",direct,brand_branch,41,40,5,multi_branch_brand_3_400_admin_ok,False,True,admin_complete;address_status=direct;housenumber+street;non_garbage_name;not_legacy_pilot110;stratum=brand_branch;multi_branch_brand_3_400_admin_ok
g150-013,osm:node/3301809365,VIB,VIB,,amenity=bank,Thành phố Hồ Chí Minh,Phường Hòa Hưng,330,Đường 3 Tháng 2,"330, Đường 3 Tháng 2, Phường Hòa Hưng, Thành phố Hồ Chí Minh",direct,brand_branch,62,50,4,multi_branch_brand_3_400_admin_ok,False,True,admin_complete;address_status=direct;housenumber+street;non_garbage_name;not_legacy_pilot110;stratum=brand_branch;multi_branch_brand_3_400_admin_ok
g150-014,osm:node/12917522273,MSB,MSB,,amenity=bank,Thành phố Bắc Ninh,Phường Kinh Bắc,274-276,Đường Ngô Gia Tự,"274-276, Đường Ngô Gia Tự, Phường Kinh Bắc, Thành phố Bắc Ninh",direct,brand_branch,21,15,4,multi_branch_brand_3_400_admin_ok,False,True,admin_complete;address_status=direct;housenumber+street;non_garbage_name;not_legacy_pilot110;stratum=brand_branch;multi_branch_brand_3_400_admin_ok
g150-015,osm:way/693404962,Vĩnh Phú,PV Oil,,amenity=fuel|building=roof,Thành phố Đà Nẵng,Phường An Hải,1084,Đường Ngô Quyền,"1084, Đường Ngô Quyền, Phường An Hải, Thành phố Đà Nẵng",direct,brand_branch,2,202,1,multi_branch_brand_3_400_admin_ok,False,True,admin_complete;address_status=direct;housenumber+street;non_garbage_name;not_legacy_pilot110;stratum=brand_branch;multi_branch_brand_3_400_admin_ok
g150-016,osm:way/570572174,WinMart,WinMart,,shop=supermarket|building=yes,Hà Nội,Phường Tương Mai,163A,Phố Đại La,"163A, Phố Đại La, Phường Tương Mai, Hà Nội",direct,brand_branch,133,106,7,multi_branch_brand_3_400_admin_ok,False,True,admin_complete;address_status=direct;housenumber+street;non_garbage_name;not_legacy_pilot110;stratum=brand_branch;multi_branch_brand_3_400_admin_ok
g150-017,osm:node/12584520697,Honda Cửa Hàng Đức Hải,Honda,,shop=motorcycle,Tỉnh Lâm Đồng,Xã Tánh Linh,152,đường 25/12,"152, đường 25/12, Xã Tánh Linh, Tỉnh Lâm Đồng",direct,brand_branch,1,164,1,multi_branch_brand_3_400_admin_ok,False,True,admin_complete;address_status=direct;housenumber+street;non_garbage_name;not_legacy_pilot110;stratum=brand_branch;multi_branch_brand_3_400_admin_ok
g150-018,osm:node/6315680990,Head Tan Long Van 4,Honda,,shop=motorcycle,Thành phố Hồ Chí Minh,Phường Nhiêu Lộc,167,Trần Quốc Thảo,"167, Trần Quốc Thảo, Phường Nhiêu Lộc, Thành phố Hồ Chí Minh",direct,brand_branch,1,164,1,multi_branch_brand_3_400_admin_ok,False,True,admin_complete;address_status=direct;housenumber+street;non_garbage_name;not_legacy_pilot110;stratum=brand_branch;multi_branch_brand_3_400_admin_ok
g150-019,osm:way/1457546056,Sacombank,Sacombank,,amenity=bank|building=yes,Thành phố Cần Thơ,Phường Tân An,160,Đường 3 Tháng 2,"160, Đường 3 Tháng 2, Phường Tân An, Thành phố Cần Thơ",direct,brand_branch,218,151,9,multi_branch_brand_3_400_admin_ok,False,True,admin_complete;address_status=direct;housenumber+street;non_garbage_name;not_legacy_pilot110;stratum=brand_branch;multi_branch_brand_3_400_admin_ok
g150-020,osm:way/164333086,Hyatt Regency Resort and Spa,Hyatt Regency,,tourism=hotel,Thành phố Đà Nẵng,Phường Ngũ Hành Sơn,5,Đường Trường Sa,"5, Đường Trường Sa, Phường Ngũ Hành Sơn, Thành phố Đà Nẵng",direct,brand_branch,1,4,1,multi_branch_brand_3_400_admin_ok,False,True,admin_complete;address_status=direct;housenumber+street;non_garbage_name;not_legacy_pilot110;stratum=brand_branch;multi_branch_brand_3_400_admin_ok
g150-021,osm:node/11299136721,Samsung,Samsung,,shop=electronics,Hà Nội,Phường Văn Miếu - Quốc Tử Giám,438,Phố Xã Đàn,"438, Phố Xã Đàn, Phường Văn Miếu - Quốc Tử Giám, Hà Nội",direct,brand_branch,9,6,1,multi_branch_brand_3_400_admin_ok,False,True,admin_complete;address_status=direct;housenumber+street;non_garbage_name;not_legacy_pilot110;stratum=brand_branch;multi_branch_brand_3_400_admin_ok
g150-022,osm:way/776829700,Yamaha Town Nha Trang,YAMAHA,,shop=motorcycle_repair|building=yes,Khánh Hòa,Phường Nha Trang,1,Trần Quý Cáp,"1, Trần Quý Cáp, Phường Nha Trang, Khánh Hòa",direct,brand_branch,1,32,1,multi_branch_brand_3_400_admin_ok,False,True,admin_complete;address_status=direct;housenumber+street;non_garbage_name;not_legacy_pilot110;stratum=brand_branch;multi_branch_brand_3_400_admin_ok
g150-023,osm:way/683697190,ACB,ACB,,amenity=bank|building=yes,Thành phố Hồ Chí Minh,Phường Xóm Chiếu,14-16,Hoàng Diệu,"14-16, Hoàng Diệu, Phường Xóm Chiếu, Thành phố Hồ Chí Minh",direct,brand_branch,124,78,8,multi_branch_brand_3_400_admin_ok,False,True,admin_complete;address_status=direct;housenumber+street;non_garbage_name;not_legacy_pilot110;stratum=brand_branch;multi_branch_brand_3_400_admin_ok
g150-024,osm:node/13155788995,Pharmacity,Pharmacity,,amenity=pharmacy|healthcare=pharmacy,Thành phố Bắc Ninh,Phường Vũ Ninh,376,Đường Lý Thường Kiệt,"376, Đường Lý Thường Kiệt, Phường Vũ Ninh, Thành phố Bắc Ninh",direct,brand_branch,97,68,7,multi_branch_brand_3_400_admin_ok,False,True,admin_complete;address_status=direct;housenumber+street;non_garbage_name;not_legacy_pilot110;stratum=brand_branch;multi_branch_brand_3_400_admin_ok
g150-025,osm:node/14104855301,Highlands Coffee,Highlands Coffee,,amenity=cafe,Thành phố Đà Nẵng,Phường An Hải,910A,Đường Ngô Quyền,"910A, Đường Ngô Quyền, Phường An Hải, Thành phố Đà Nẵng",direct,brand_branch,258,229,10,multi_branch_brand_3_400_admin_ok,False,True,admin_complete;address_status=direct;housenumber+street;non_garbage_name;not_legacy_pilot110;stratum=brand_branch;multi_branch_brand_3_400_admin_ok
g150-026,osm:node/11372720369,Highlands Coffee,Highlands Coffee,,amenity=cafe,Hà Nội,Xã Gia Lâm,SH16-130,San Hô 16,"SH16-130, San Hô 16, Xã Gia Lâm, Hà Nội",direct,brand_branch,258,229,10,multi_branch_brand_3_400_admin_ok,False,True,admin_complete;address_status=direct;housenumber+street;non_garbage_name;not_legacy_pilot110;stratum=brand_branch;multi_branch_brand_3_400_admin_ok
g150-027,osm:node/10799322370,YAMAHA TOWN Huy Hoàng 3,Yamaha,,shop=motorcycle,Tỉnh Vĩnh Long,Phường Phú Khương,43,Đồng Khởi,"43, Đồng Khởi, Phường Phú Khương, Tỉnh Vĩnh Long",direct,brand_branch,1,32,1,multi_branch_brand_3_400_admin_ok,False,True,admin_complete;address_status=direct;housenumber+street;non_garbage_name;not_legacy_pilot110;stratum=brand_branch;multi_branch_brand_3_400_admin_ok
g150-028,osm:way/1435603858,Circle K,Circle K,,shop=convenience|building=terrace,Thành phố Hồ Chí Minh,Phường Chợ Lớn,9,Đường Nguyễn Kim,"9, Đường Nguyễn Kim, Phường Chợ Lớn, Thành phố Hồ Chí Minh",direct,brand_branch,211,170,4,multi_branch_brand_3_400_admin_ok,False,True,admin_complete;address_status=direct;housenumber+street;non_garbage_name;not_legacy_pilot110;stratum=brand_branch;multi_branch_brand_3_400_admin_ok
g150-029,osm:way/957452559,Trường Tiểu học - Trung học cơ sở - Trung học phổ thông Khương Hạ,,,amenity=school,Hà Nội,Phường Khương Đình,31,Phố Khương Hạ,"31, Phố Khương Hạ, Phường Khương Đình, Hà Nội",direct,named_clear,1,0,1,uniqueish_venue_name_no_brand,False,True,admin_complete;address_status=direct;housenumber+street;non_garbage_name;not_legacy_pilot110;stratum=named_clear;uniqueish_venue_name_no_brand
g150-030,osm:node/10314842912,Vuon Phap 3 homestay,,,tourism=hotel,Tỉnh Đắk Lắk,Phường Buôn Ma Thuột,185 20 23,Đinh Tiên Hoàng,"185 20 23, Đinh Tiên Hoàng, Phường Buôn Ma Thuột, Tỉnh Đắk Lắk",direct,named_clear,1,0,1,uniqueish_venue_name_no_brand,False,True,admin_complete;address_status=direct;housenumber+street;non_garbage_name;not_legacy_pilot110;stratum=named_clear;uniqueish_venue_name_no_brand
g150-031,osm:node/13714059889,Tằm café,,,amenity=cafe,Thành phố Bắc Ninh,Phường Kinh Bắc,6,Phố Ngô Diễn,"6, Phố Ngô Diễn, Phường Kinh Bắc, Thành phố Bắc Ninh",direct,named_clear,2,0,1,uniqueish_venue_name_no_brand,False,True,admin_complete;address_status=direct;housenumber+street;non_garbage_name;not_legacy_pilot110;stratum=named_clear;uniqueish_venue_name_no_brand
g150-032,osm:node/10736286030,Bon's vegan,,,amenity=restaurant,Thành phố Hồ Chí Minh,Phường Bến Thành,127,Hàm Nghi,"127, Hàm Nghi, Phường Bến Thành, Thành phố Hồ Chí Minh",direct,named_clear,1,0,1,uniqueish_venue_name_no_brand,False,True,admin_complete;address_status=direct;housenumber+street;non_garbage_name;not_legacy_pilot110;stratum=named_clear;uniqueish_venue_name_no_brand
g150-033,osm:node/5600961727,Le Dung hotel,,,tourism=hotel,Thành phố Đà Nẵng,Phường Bàn Thạch,32,Trần Phu,"32, Trần Phu, Phường Bàn Thạch, Thành phố Đà Nẵng",direct,named_clear,1,0,1,uniqueish_venue_name_no_brand,False,True,admin_complete;address_status=direct;housenumber+street;non_garbage_name;not_legacy_pilot110;stratum=named_clear;uniqueish_venue_name_no_brand
g150-034,osm:way/899332859,"475, Đường Cổ Nhuế",,,amenity=restaurant|building=yes,Hà Nội,Phường Đông Ngạc,475,Đường Cổ Nhuế,"475, Đường Cổ Nhuế, Phường Đông Ngạc, Hà Nội",direct,named_clear,1,0,1,uniqueish_venue_name_no_brand,False,True,admin_complete;address_status=direct;housenumber+street;non_garbage_name;not_legacy_pilot110;stratum=named_clear;uniqueish_venue_name_no_brand
g150-035,osm:node/5372078121,CH Kiên Huyền,,,shop=department_store,Tỉnh Ninh Bình,Phường Nam Định,5,Hồ Tùng Mâuj,"5, Hồ Tùng Mâuj, Phường Nam Định, Tỉnh Ninh Bình",direct,named_clear,1,0,1,uniqueish_venue_name_no_brand,False,True,admin_complete;address_status=direct;housenumber+street;non_garbage_name;not_legacy_pilot110;stratum=named_clear;uniqueish_venue_name_no_brand
g150-036,osm:way/343923391,Spring Hotel,,,tourism=hotel|building=yes,Thành phố Cần Thơ,Phường Ninh Kiều,22,Khu dân cư số 9,"22, Khu dân cư số 9, Phường Ninh Kiều, Thành phố Cần Thơ",direct,named_clear,2,0,1,uniqueish_venue_name_no_brand,False,True,admin_complete;address_status=direct;housenumber+street;non_garbage_name;not_legacy_pilot110;stratum=named_clear;uniqueish_venue_name_no_brand
g150-037,osm:way/1545385144,KOI Café,,,amenity=cafe|building=yes,Thành phố Hồ Chí Minh,Phường Chợ Lớn,181,Đường Trần Hưng Ðạo,"181, Đường Trần Hưng Ðạo, Phường Chợ Lớn, Thành phố Hồ Chí Minh",direct,named_clear,1,0,1,uniqueish_venue_name_no_brand,False,True,admin_complete;address_status=direct;housenumber+street;non_garbage_name;not_legacy_pilot110;stratum=named_clear;uniqueish_venue_name_no_brand
g150-038,osm:node/2091401450,Old Propaganda Posters,,,shop=art,Thành phố Đà Nẵng,Phường Hội An,40,Nguyễn Thị Minh Khai,"40, Nguyễn Thị Minh Khai, Phường Hội An, Thành phố Đà Nẵng",direct,named_clear,3,0,2,uniqueish_venue_name_no_brand,False,True,admin_complete;address_status=direct;housenumber+street;non_garbage_name;not_legacy_pilot110;stratum=named_clear;uniqueish_venue_name_no_brand
g150-039,osm:way/814968070,Trường Mầm non Kim Liên (phân hiệu 1),,,amenity=kindergarten,Hà Nội,Phường Kim Liên,27,Phố Lương Định Của,"27, Phố Lương Định Của, Phường Kim Liên, Hà Nội",direct,named_clear,1,0,1,uniqueish_venue_name_no_brand,False,True,admin_complete;address_status=direct;housenumber+street;non_garbage_name;not_legacy_pilot110;stratum=named_clear;uniqueish_venue_name_no_brand
g150-040,osm:node/6945941285,Bánh Mì store,,,amenity=fast_food,Khánh Hòa,Phường Nha Trang,23,Nguyễn Trung Trực,"23, Nguyễn Trung Trực, Phường Nha Trang, Khánh Hòa",direct,named_clear,1,0,1,uniqueish_venue_name_no_brand,False,True,admin_complete;address_status=direct;housenumber+street;non_garbage_name;not_legacy_pilot110;stratum=named_clear;uniqueish_venue_name_no_brand
g150-041,osm:node/14068677626,BB Hairstudio Bắc Ninh,,,shop=hairdresser,Thành phố Bắc Ninh,Phường Kinh Bắc,139,Đường Nguyễn Trãi,"139, Đường Nguyễn Trãi, Phường Kinh Bắc, Thành phố Bắc Ninh",direct,named_clear,1,0,1,uniqueish_venue_name_no_brand,False,True,admin_complete;address_status=direct;housenumber+street;non_garbage_name;not_legacy_pilot110;stratum=named_clear;uniqueish_venue_name_no_brand
g150-042,osm:node/4541430696,BiTy's Happy Land,,,shop=yes,Thành phố Hồ Chí Minh,Phường Bình Đông,56,Bùi Minh Trực,"56, Bùi Minh Trực, Phường Bình Đông, Thành phố Hồ Chí Minh",direct,named_clear,1,0,1,uniqueish_venue_name_no_brand,False,True,admin_complete;address_status=direct;housenumber+street;non_garbage_name;not_legacy_pilot110;stratum=named_clear;uniqueish_venue_name_no_brand
g150-043,osm:node/14004104302,At Ca Phe,,,amenity=cafe,Thành phố Đà Nẵng,Phường Sơn Trà,3,Đường Nại Hiên Đông 16,"3, Đường Nại Hiên Đông 16, Phường Sơn Trà, Thành phố Đà Nẵng",direct,named_clear,1,0,1,uniqueish_venue_name_no_brand,False,True,admin_complete;address_status=direct;housenumber+street;non_garbage_name;not_legacy_pilot110;stratum=named_clear;uniqueish_venue_name_no_brand
g150-044,osm:way/1142005105,Nhà văn hóa thôn Đặng,,,amenity=community_centre,Hà Nội,Xã Thuận An,100,Ngõ 405 đường Ỷ Lan,"100, Ngõ 405 đường Ỷ Lan, Xã Thuận An, Hà Nội",direct,named_clear,1,0,1,uniqueish_venue_name_no_brand,False,True,admin_complete;address_status=direct;housenumber+street;non_garbage_name;not_legacy_pilot110;stratum=named_clear;uniqueish_venue_name_no_brand
g150-045,osm:node/5047146521,BV Binh Thuan,,,amenity=hospital|healthcare=hospital,Tỉnh Lâm Đồng,Phường Tiến Thành,69,Trần Quý Cáp,"69, Trần Quý Cáp, Phường Tiến Thành, Tỉnh Lâm Đồng",direct,named_clear,1,0,1,uniqueish_venue_name_no_brand,False,True,admin_complete;address_status=direct;housenumber+street;non_garbage_name;not_legacy_pilot110;stratum=named_clear;uniqueish_venue_name_no_brand
g150-046,osm:node/12591913901,Mì Cay Seoul Cần Thơ,,,amenity=restaurant,Thành phố Cần Thơ,Phường Tân An,226D,Đường 3 Tháng 2,"226D, Đường 3 Tháng 2, Phường Tân An, Thành phố Cần Thơ",direct,named_clear,1,0,1,uniqueish_venue_name_no_brand,False,True,admin_complete;address_status=direct;housenumber+street;non_garbage_name;not_legacy_pilot110;stratum=named_clear;uniqueish_venue_name_no_brand
g150-047,osm:node/2476392981,Khách Sạn Little Saigon Boutique,,,tourism=hotel,Thành phố Hồ Chí Minh,Phường Sài Gòn,36 Bis/2,Lê Lợi,"36 Bis/2, Lê Lợi, Phường Sài Gòn, Thành phố Hồ Chí Minh",direct,named_clear,1,0,1,uniqueish_venue_name_no_brand,False,True,admin_complete;address_status=direct;housenumber+street;non_garbage_name;not_legacy_pilot110;stratum=named_clear;uniqueish_venue_name_no_brand
g150-048,osm:node/11708234569,"129, Đường Nguyễn Văn Thoại",,,shop=mobile_phone,Thành phố Đà Nẵng,Phường An Hải,129,Đường Nguyễn Văn Thoại,"129, Đường Nguyễn Văn Thoại, Phường An Hải, Thành phố Đà Nẵng",direct,named_clear,1,0,1,uniqueish_venue_name_no_brand,False,True,admin_complete;address_status=direct;housenumber+street;non_garbage_name;not_legacy_pilot110;stratum=named_clear;uniqueish_venue_name_no_brand
g150-049,osm:node/6602491457,Cửa Hàng Bánh Mì Hội An,,,amenity=fast_food,Hà Nội,Phường Cửa Nam,88b,Trần Hưng đạo,"88b, Trần Hưng đạo, Phường Cửa Nam, Hà Nội",direct,named_clear,2,0,1,uniqueish_venue_name_no_brand,False,True,admin_complete;address_status=direct;housenumber+street;non_garbage_name;not_legacy_pilot110;stratum=named_clear;uniqueish_venue_name_no_brand
g150-050,osm:node/6630618485,Hải toàn,,,shop=bicycle,Hà Tĩnh,Phường Thành Sen,31,Hà Tôn Mục,"31, Hà Tôn Mục, Phường Thành Sen, Hà Tĩnh",direct,named_clear,1,0,1,uniqueish_venue_name_no_brand,False,True,admin_complete;address_status=direct;housenumber+street;non_garbage_name;not_legacy_pilot110;stratum=named_clear;uniqueish_venue_name_no_brand
g150-051,osm:node/5958483585,Asia Outdoors,,,shop=travel_agency,Thành phố Hải Phòng,Đặc khu Cát Hải,210,Đường 1/4,"210, Đường 1/4, Đặc khu Cát Hải, Thành phố Hải Phòng",direct,named_clear,1,0,1,uniqueish_venue_name_no_brand,False,True,admin_complete;address_status=direct;housenumber+street;non_garbage_name;not_legacy_pilot110;stratum=named_clear;uniqueish_venue_name_no_brand
g150-052,osm:node/12072887602,Công ty TNHH TMDV Nam Trung Quân,,,shop=wholesale,Thành phố Hồ Chí Minh,Xã Hưng Long,118,đường liên ấp 4-5 ấp 4,"118, đường liên ấp 4-5 ấp 4, Xã Hưng Long, Thành phố Hồ Chí Minh",direct,named_clear,1,0,1,uniqueish_venue_name_no_brand,False,True,admin_complete;address_status=direct;housenumber+street;non_garbage_name;not_legacy_pilot110;stratum=named_clear;uniqueish_venue_name_no_brand
g150-053,osm:node/9655304117,Café Cố Quận,,,amenity=cafe,Thành phố Đà Nẵng,Phường An Hải,127,Đường Nguyễn Công Trứ,"127, Đường Nguyễn Công Trứ, Phường An Hải, Thành phố Đà Nẵng",direct,named_clear,1,0,1,uniqueish_venue_name_no_brand,False,True,admin_complete;address_status=direct;housenumber+street;non_garbage_name;not_legacy_pilot110;stratum=named_clear;uniqueish_venue_name_no_brand
g150-054,osm:node/11491290543,Glee Premium Foods,,,shop=deli,Hà Nội,Phường Hai Bà Trưng,126,Phố Triệu Việt Vương,"126, Phố Triệu Việt Vương, Phường Hai Bà Trưng, Hà Nội",direct,named_clear,1,0,1,uniqueish_venue_name_no_brand,False,True,admin_complete;address_status=direct;housenumber+street;non_garbage_name;not_legacy_pilot110;stratum=named_clear;uniqueish_venue_name_no_brand
g150-055,osm:node/13327595501,Thị Nấm Coffee & Breakfast,,,amenity=cafe,Tỉnh Gia Lai,Phường Quy Nhơn,25,Nguyễn Lạc,"25, Nguyễn Lạc, Phường Quy Nhơn, Tỉnh Gia Lai",direct,named_clear,1,0,1,uniqueish_venue_name_no_brand,False,True,admin_complete;address_status=direct;housenumber+street;non_garbage_name;not_legacy_pilot110;stratum=named_clear;uniqueish_venue_name_no_brand
g150-056,osm:node/11765566693,Cửa Hàng Tiện Lợi - Cam Xanh Xanh Cam,,,amenity=fast_food,Thành phố Đồng Nai,Phường Trảng Bom,31,đường 2/9 khu phố 4,"31, đường 2/9 khu phố 4, Phường Trảng Bom, Thành phố Đồng Nai",direct,named_clear,1,0,1,uniqueish_venue_name_no_brand,False,True,admin_complete;address_status=direct;housenumber+street;non_garbage_name;not_legacy_pilot110;stratum=named_clear;uniqueish_venue_name_no_brand
g150-057,osm:node/5004225021,Trường Trung học cơ sở Nguyễn An Khương,,,amenity=school,Thành phố Hồ Chí Minh,Xã Hóc Môn,66/6,Lê Thị Hồng Gấm,"66/6, Lê Thị Hồng Gấm, Xã Hóc Môn, Thành phố Hồ Chí Minh",direct,named_clear,2,0,1,uniqueish_venue_name_no_brand,False,True,admin_complete;address_status=direct;housenumber+street;non_garbage_name;not_legacy_pilot110;stratum=named_clear;uniqueish_venue_name_no_brand
g150-058,osm:node/4279640089,Nhà cổ Phùng Hưng,,,tourism=museum,Thành phố Đà Nẵng,Phường Hội An,4,Nguyễn Thị Minh Khai,"4, Nguyễn Thị Minh Khai, Phường Hội An, Thành phố Đà Nẵng",direct,named_clear,1,0,1,uniqueish_venue_name_no_brand,False,True,admin_complete;address_status=direct;housenumber+street;non_garbage_name;not_legacy_pilot110;stratum=named_clear;uniqueish_venue_name_no_brand
g150-059,osm:way/1365472868,Phở gà Lâm,,,amenity=restaurant|building=yes,Hà Nội,Phường Láng,26,Phố Láng Hạ,"26, Phố Láng Hạ, Phường Láng, Hà Nội",direct,named_clear,1,0,1,uniqueish_venue_name_no_brand,False,True,admin_complete;address_status=direct;housenumber+street;non_garbage_name;not_legacy_pilot110;stratum=named_clear;uniqueish_venue_name_no_brand
g150-060,osm:node/2494767463,Medic Đất Việt,,,amenity=clinic|healthcare=clinic,Tỉnh Đắk Lắk,Phường Buôn Ma Thuột,2,Nơ Trang Long,"2, Nơ Trang Long, Phường Buôn Ma Thuột, Tỉnh Đắk Lắk",direct,named_clear,1,0,1,uniqueish_venue_name_no_brand,False,True,admin_complete;address_status=direct;housenumber+street;non_garbage_name;not_legacy_pilot110;stratum=named_clear;uniqueish_venue_name_no_brand
g150-061,osm:node/13442699218,Nhà thuốc Minh Anh,,,shop=chemist,Thành phố Bắc Ninh,Phường Võ Cường,34,Đường Trần Hưng Đạo,"34, Đường Trần Hưng Đạo, Phường Võ Cường, Thành phố Bắc Ninh",direct,named_clear,3,0,2,uniqueish_venue_name_no_brand,False,True,admin_complete;address_status=direct;housenumber+street;non_garbage_name;not_legacy_pilot110;stratum=named_clear;uniqueish_venue_name_no_brand
g150-062,osm:node/11407122680,Trung tâm Y khoa Bernard,,,healthcare=yes,Thành phố Hồ Chí Minh,Phường Tân Sơn Hòa,22,Phan Đình Giót,"22, Phan Đình Giót, Phường Tân Sơn Hòa, Thành phố Hồ Chí Minh",direct,named_clear,1,0,1,uniqueish_venue_name_no_brand,False,True,admin_complete;address_status=direct;housenumber+street;non_garbage_name;not_legacy_pilot110;stratum=named_clear;uniqueish_venue_name_no_brand
g150-063,osm:node/3628855206,HQ Thai Food,,,amenity=restaurant,Thành phố Đà Nẵng,Phường Hải Châu,9,Yên Bái,"9, Yên Bái, Phường Hải Châu, Thành phố Đà Nẵng",direct,named_clear,1,0,1,uniqueish_venue_name_no_brand,False,True,admin_complete;address_status=direct;housenumber+street;non_garbage_name;not_legacy_pilot110;stratum=named_clear;uniqueish_venue_name_no_brand
g150-064,osm:way/1475290264,Điểm Y tế Định Công,,,amenity=clinic|healthcare=clinic,Hà Nội,Phường Định Công,58,Phố Định Công Hạ,"58, Phố Định Công Hạ, Phường Định Công, Hà Nội",direct,named_clear,1,0,1,uniqueish_venue_name_no_brand,False,True,admin_complete;address_status=direct;housenumber+street;non_garbage_name;not_legacy_pilot110;stratum=named_clear;uniqueish_venue_name_no_brand
g150-065,osm:node/4824550521,thanh dat,,,shop=convenience,Thành phố Hồ Chí Minh,Phường Lái Thiêu,96/2,Đông Nhì,"96/2, Đông Nhì, Phường Lái Thiêu, Thành phố Hồ Chí Minh",direct,address_street_building,12,0,1,direct_housenumber_street_slash,False,True,admin_complete;address_status=direct;housenumber+street;non_garbage_name;not_legacy_pilot110;stratum=address_street_building;direct_housenumber_street_slash
g150-066,osm:node/11840636053,Ngày của Nắng Coffee+,,,amenity=cafe,Tỉnh Lâm Đồng,Phường Cam Ly - Đà Lạt,166/9 hẻm14,Gio An,"166/9 hẻm14, Gio An, Phường Cam Ly - Đà Lạt, Tỉnh Lâm Đồng",direct,address_street_building,1,0,1,direct_housenumber_street_slash,False,True,admin_complete;address_status=direct;housenumber+street;non_garbage_name;not_legacy_pilot110;stratum=address_street_building;direct_housenumber_street_slash
g150-067,osm:node/5355786321,Phòng Trà Phố Nghèo,,,amenity=cafe,Hà Nội,Phường Đống Đa,24/19,Ngõ 19 Trần Quang Diệu,"24/19, Ngõ 19 Trần Quang Diệu, Phường Đống Đa, Hà Nội",direct,address_street_building,1,0,1,direct_housenumber_street_slash,False,True,admin_complete;address_status=direct;housenumber+street;non_garbage_name;not_legacy_pilot110;stratum=address_street_building;direct_housenumber_street_slash
g150-068,osm:node/6512199185,"68/32, Hẻm 68 Kiệt 151 Đường Âu Cơ",,,address=,Thành phố Đà Nẵng,Phường Liên Chiểu,68/32,Hẻm 68 Kiệt 151 Đường Âu Cơ,"68/32, Hẻm 68 Kiệt 151 Đường Âu Cơ, Phường Liên Chiểu, Thành phố Đà Nẵng",direct,address_street_building,1,0,1,direct_housenumber_street_slash,False,True,admin_complete;address_status=direct;housenumber+street;non_garbage_name;not_legacy_pilot110;stratum=address_street_building;direct_housenumber_street_slash
g150-069,osm:way/1117725009,"600/4/17A, Đồng Khởi",,,address=|building=house,Thành phố Đồng Nai,Phường Trảng Dài,600/4/17A,Đồng Khởi,"600/4/17A, Đồng Khởi, Phường Trảng Dài, Thành phố Đồng Nai",direct,address_street_building,1,0,1,direct_housenumber_street_slash,False,True,admin_complete;address_status=direct;housenumber+street;non_garbage_name;not_legacy_pilot110;stratum=address_street_building;direct_housenumber_street_slash
g150-070,osm:node/12989339615,"27/1, Đường Nguyễn Thị Búp",,,address=,Thành phố Hồ Chí Minh,Phường Trung Mỹ Tây,27/1,Đường Nguyễn Thị Búp,"27/1, Đường Nguyễn Thị Búp, Phường Trung Mỹ Tây, Thành phố Hồ Chí Minh",direct,address_street_building,1,0,1,direct_housenumber_street_slash,False,True,admin_complete;address_status=direct;housenumber+street;non_garbage_name;not_legacy_pilot110;stratum=address_street_building;direct_housenumber_street_slash
g150-071,osm:node/2802711508,"17/15, Nguyễn Thị Minh Khai",,,amenity=cafe,Khánh Hòa,Phường Nha Trang,17/15,Nguyễn Thị Minh Khai,"17/15, Nguyễn Thị Minh Khai, Phường Nha Trang, Khánh Hòa",direct,address_street_building,1,0,1,direct_housenumber_street_slash,False,True,admin_complete;address_status=direct;housenumber+street;non_garbage_name;not_legacy_pilot110;stratum=address_street_building;direct_housenumber_street_slash
g150-072,osm:node/11917198861,"143/34/48, Nguyễn Chính",,,address=,Hà Nội,Phường Hoàng Mai,143/34/48,Nguyễn Chính,"143/34/48, Nguyễn Chính, Phường Hoàng Mai, Hà Nội",direct,address_street_building,1,0,1,direct_housenumber_street_slash,False,True,admin_complete;address_status=direct;housenumber+street;non_garbage_name;not_legacy_pilot110;stratum=address_street_building;direct_housenumber_street_slash
g150-073,osm:node/6512160231,"91/8, Kiệt 91 Ngô Xuân Thu",,,address=,Thành phố Đà Nẵng,Phường Hải Vân,91/8,Kiệt 91 Ngô Xuân Thu,"91/8, Kiệt 91 Ngô Xuân Thu, Phường Hải Vân, Thành phố Đà Nẵng",direct,address_street_building,1,0,1,direct_housenumber_street_slash,False,True,admin_complete;address_status=direct;housenumber+street;non_garbage_name;not_legacy_pilot110;stratum=address_street_building;direct_housenumber_street_slash
g150-074,osm:node/11530158639,"30/49, Nguyễn Văn Linh",,,address=,Thành phố Cần Thơ,Phường Tân An,30/49,Nguyễn Văn Linh,"30/49, Nguyễn Văn Linh, Phường Tân An, Thành phố Cần Thơ",direct,address_street_building,1,0,1,direct_housenumber_street_slash,False,True,admin_complete;address_status=direct;housenumber+street;non_garbage_name;not_legacy_pilot110;stratum=address_street_building;direct_housenumber_street_slash
g150-075,osm:node/6746689444,"337, Đường Lạc Long Quân",,,address=,Thành phố Hồ Chí Minh,Phường Hòa Bình,337,Đường Lạc Long Quân,"337, Đường Lạc Long Quân, Phường Hòa Bình, Thành phố Hồ Chí Minh",direct,address_street_building,1,0,1,direct_housenumber_street,False,True,admin_complete;address_status=direct;housenumber+street;non_garbage_name;not_legacy_pilot110;stratum=address_street_building;direct_housenumber_street
g150-076,osm:node/6610135392,"17, Ngách 464/35 Âu Cơ",,,address=,Hà Nội,Phường Hồng Hà,17,Ngách 464/35 Âu Cơ,"17, Ngách 464/35 Âu Cơ, Phường Hồng Hà, Hà Nội",direct,address_street_building,1,0,1,direct_housenumber_street,False,True,admin_complete;address_status=direct;housenumber+street;non_garbage_name;not_legacy_pilot110;stratum=address_street_building;direct_housenumber_street
g150-077,osm:node/9020250973,"180, Phan Đình Phùng - QL.9E",,,address=,Tỉnh Quảng Trị,Phường Đồng Thuận,180,Phan Đình Phùng - QL.9E,"180, Phan Đình Phùng - QL.9E, Phường Đồng Thuận, Tỉnh Quảng Trị",direct,address_street_building,1,0,1,direct_housenumber_street,False,True,admin_complete;address_status=direct;housenumber+street;non_garbage_name;not_legacy_pilot110;stratum=address_street_building;direct_housenumber_street
g150-078,osm:way/1503506378,"54, Đường Thành Cổ",,,address=|building=yes,Thành phố Bắc Ninh,Phường Kinh Bắc,54,Đường Thành Cổ,"54, Đường Thành Cổ, Phường Kinh Bắc, Thành phố Bắc Ninh",direct,address_street_building,1,0,1,direct_housenumber_street,False,True,admin_complete;address_status=direct;housenumber+street;non_garbage_name;not_legacy_pilot110;stratum=address_street_building;direct_housenumber_street
g150-079,osm:node/6537835774,"10, Hẻm 55 Kiệt 123 Cù Chính Lan",,,address=,Thành phố Đà Nẵng,Phường Thanh Khê,10,Hẻm 55 Kiệt 123 Cù Chính Lan,"10, Hẻm 55 Kiệt 123 Cù Chính Lan, Phường Thanh Khê, Thành phố Đà Nẵng",direct,address_street_building,1,0,1,direct_housenumber_street,False,True,admin_complete;address_status=direct;housenumber+street;non_garbage_name;not_legacy_pilot110;stratum=address_street_building;direct_housenumber_street
g150-080,osm:node/13415291916,"55, Hoàng Sa",,,address=,Thành phố Hồ Chí Minh,Phường Sài Gòn,55,Hoàng Sa,"55, Hoàng Sa, Phường Sài Gòn, Thành phố Hồ Chí Minh",direct,address_street_building,1,0,1,direct_housenumber_street,False,True,admin_complete;address_status=direct;housenumber+street;non_garbage_name;not_legacy_pilot110;stratum=address_street_building;direct_housenumber_street
g150-081,osm:node/6603931170,"165, Phố Trích Sài",,,address=,Hà Nội,Phường Tây Hồ,165,Phố Trích Sài,"165, Phố Trích Sài, Phường Tây Hồ, Hà Nội",direct,address_street_building,1,0,1,direct_housenumber_street,False,True,admin_complete;address_status=direct;housenumber+street;non_garbage_name;not_legacy_pilot110;stratum=address_street_building;direct_housenumber_street
g150-082,osm:node/1011330677,"60, Lê Thành Đồng",,,address=,Tỉnh Quảng Trị,Phường Đồng Hới,60,Lê Thành Đồng,"60, Lê Thành Đồng, Phường Đồng Hới, Tỉnh Quảng Trị",direct,address_street_building,1,0,1,direct_housenumber_street,False,True,admin_complete;address_status=direct;housenumber+street;non_garbage_name;not_legacy_pilot110;stratum=address_street_building;direct_housenumber_street
g150-083,osm:node/13017392783,"296, Đường Như Nguyệt",,,address=,Thành phố Bắc Ninh,Phường Vũ Ninh,296,Đường Như Nguyệt,"296, Đường Như Nguyệt, Phường Vũ Ninh, Thành phố Bắc Ninh",direct,address_street_building,1,0,1,direct_housenumber_street,False,True,admin_complete;address_status=direct;housenumber+street;non_garbage_name;not_legacy_pilot110;stratum=address_street_building;direct_housenumber_street
g150-084,osm:node/6538254337,"92, Kiệt 503 Trưng Nữ Vương",,,address=,Thành phố Đà Nẵng,Phường Hòa Cường,92,Kiệt 503 Trưng Nữ Vương,"92, Kiệt 503 Trưng Nữ Vương, Phường Hòa Cường, Thành phố Đà Nẵng",direct,address_street_building,1,0,1,direct_housenumber_street,False,True,admin_complete;address_status=direct;housenumber+street;non_garbage_name;not_legacy_pilot110;stratum=address_street_building;direct_housenumber_street
g150-085,osm:node/6712548791,"39, Đường Tân Hòa Đông",,,address=,Thành phố Hồ Chí Minh,Phường Phú Lâm,39,Đường Tân Hòa Đông,"39, Đường Tân Hòa Đông, Phường Phú Lâm, Thành phố Hồ Chí Minh",direct,address_street_building,1,0,1,direct_housenumber_street,False,True,admin_complete;address_status=direct;housenumber+street;non_garbage_name;not_legacy_pilot110;stratum=address_street_building;direct_housenumber_street
g150-086,osm:node/12880386071,"244, Phố Mễ Trì Thượng",,,address=,Hà Nội,Phường Từ Liêm,244,Phố Mễ Trì Thượng,"244, Phố Mễ Trì Thượng, Phường Từ Liêm, Hà Nội",direct,address_street_building,1,0,1,direct_housenumber_street,False,True,admin_complete;address_status=direct;housenumber+street;non_garbage_name;not_legacy_pilot110;stratum=address_street_building;direct_housenumber_street
g150-087,osm:way/241995888,Công Ty Cp Cà Phê Trung Nguyên,,,address=|building=yes,Tỉnh Đắk Lắk,Phường Tân Lập,268,Nguyễn Tất Thành,"268, Nguyễn Tất Thành, Phường Tân Lập, Tỉnh Đắk Lắk",direct,address_street_building,1,0,1,direct_housenumber_street,False,True,admin_complete;address_status=direct;housenumber+street;non_garbage_name;not_legacy_pilot110;stratum=address_street_building;direct_housenumber_street
g150-088,osm:way/1219918319,"46, Khu dân cư số 9",,,address=|building=apartments,Thành phố Cần Thơ,Phường Ninh Kiều,46,Khu dân cư số 9,"46, Khu dân cư số 9, Phường Ninh Kiều, Thành phố Cần Thơ",direct,address_street_building,1,0,1,direct_housenumber_street,False,True,admin_complete;address_status=direct;housenumber+street;non_garbage_name;not_legacy_pilot110;stratum=address_street_building;direct_housenumber_street
g150-089,osm:way/1540236905,"79, Đường Đoàn Như Hài",,,address=|building=yes,Thành phố Hồ Chí Minh,Phường Xóm Chiếu,79,Đường Đoàn Như Hài,"79, Đường Đoàn Như Hài, Phường Xóm Chiếu, Thành phố Hồ Chí Minh",direct,address_street_building,1,0,1,direct_housenumber_street,False,True,admin_complete;address_status=direct;housenumber+street;non_garbage_name;not_legacy_pilot110;stratum=address_street_building;direct_housenumber_street
g150-090,osm:way/1301678543,"21, Ngõ 28 Ông Ích Khiêm",,,address=|building=yes,Hà Nội,Phường Ba Đình,21,Ngõ 28 Ông Ích Khiêm,"21, Ngõ 28 Ông Ích Khiêm, Phường Ba Đình, Hà Nội",direct,address_street_building,1,0,1,direct_housenumber_street,False,True,admin_complete;address_status=direct;housenumber+street;non_garbage_name;not_legacy_pilot110;stratum=address_street_building;direct_housenumber_street
g150-091,osm:node/4104326693,Hoa Sen,,,amenity=restaurant,Tỉnh Lâm Đồng,Phường Xuân Hương - Đà Lạt,62,Phan Đình Phùng,"62, Phan Đình Phùng, Phường Xuân Hương - Đà Lạt, Tỉnh Lâm Đồng",direct,address_street_building,4,0,3,direct_housenumber_street,False,True,admin_complete;address_status=direct;housenumber+street;non_garbage_name;not_legacy_pilot110;stratum=address_street_building;direct_housenumber_street
g150-092,osm:node/2447240038,BRGMart,,,shop=supermarket,Thành phố Hải Phòng,Phường Hồng Bàng,23,Phố Minh Khai,"23, Phố Minh Khai, Phường Hồng Bàng, Thành phố Hải Phòng",direct,address_street_building,6,0,2,direct_housenumber_street,False,True,admin_complete;address_status=direct;housenumber+street;non_garbage_name;not_legacy_pilot110;stratum=address_street_building;direct_housenumber_street
g150-093,osm:node/8132877478,Bún Ngan Cô Tuyết,,,amenity=restaurant,Hà Nội,Phường Kim Liên,25,Ngõ 167 Tây Sơn,"25, Ngõ 167 Tây Sơn, Phường Kim Liên, Hà Nội",direct,category_local,1,0,1,common_venue_category_no_brand,False,True,admin_complete;address_status=direct;housenumber+street;non_garbage_name;not_legacy_pilot110;stratum=category_local;common_venue_category_no_brand
g150-094,osm:way/476467017,1001 Hotel,,,tourism=hotel|building=yes,Tỉnh Lâm Đồng,Phường Mũi Né,45,Nguyễn Đình Chiểu,"45, Nguyễn Đình Chiểu, Phường Mũi Né, Tỉnh Lâm Đồng",direct,category_local,1,0,1,common_venue_category_no_brand,False,True,admin_complete;address_status=direct;housenumber+street;non_garbage_name;not_legacy_pilot110;stratum=category_local;common_venue_category_no_brand
g150-095,osm:node/14068669902,Banh Mi Pate Cay,,,amenity=restaurant,Thành phố Hải Phòng,Phường Lê Chân,150e,Phố Hàng Kênh,"150e, Phố Hàng Kênh, Phường Lê Chân, Thành phố Hải Phòng",direct,category_local,1,0,1,common_venue_category_no_brand,False,True,admin_complete;address_status=direct;housenumber+street;non_garbage_name;not_legacy_pilot110;stratum=category_local;common_venue_category_no_brand
g150-096,osm:node/12633343524,Phở Lý Quốc Sư,,,amenity=restaurant,Thành phố Hồ Chí Minh,Phường Phú Thạnh,44,Đường Lương Minh Nguyệt,"44, Đường Lương Minh Nguyệt, Phường Phú Thạnh, Thành phố Hồ Chí Minh",direct,category_local,7,0,3,common_venue_category_no_brand,False,True,admin_complete;address_status=direct;housenumber+street;non_garbage_name;not_legacy_pilot110;stratum=category_local;common_venue_category_no_brand
g150-097,osm:node/12063757631,May de Cuisine,,,amenity=restaurant,Hà Nội,Phường Hoàn Kiếm,107,Phố Mã Mây,"107, Phố Mã Mây, Phường Hoàn Kiếm, Hà Nội",direct,category_local,1,0,1,common_venue_category_no_brand,False,True,admin_complete;address_status=direct;housenumber+street;non_garbage_name;not_legacy_pilot110;stratum=category_local;common_venue_category_no_brand
g150-098,osm:node/12662704801,Hoành Thánh Mì Cô Vui,,,amenity=restaurant,Tỉnh Lâm Đồng,Phường Phan Thiết,9,Tuyên Quang,"9, Tuyên Quang, Phường Phan Thiết, Tỉnh Lâm Đồng",direct,category_local,1,0,1,common_venue_category_no_brand,False,True,admin_complete;address_status=direct;housenumber+street;non_garbage_name;not_legacy_pilot110;stratum=category_local;common_venue_category_no_brand
g150-099,osm:node/11409400637,Lan Anh shop,,,shop=clothes,Thành phố Bắc Ninh,Phường Việt Yên,424,Đường Hoàng Hoa Thám,"424, Đường Hoàng Hoa Thám, Phường Việt Yên, Thành phố Bắc Ninh",direct,category_local,1,0,1,common_venue_category_no_brand,False,True,admin_complete;address_status=direct;housenumber+street;non_garbage_name;not_legacy_pilot110;stratum=category_local;common_venue_category_no_brand
g150-100,osm:way/1225211264,The Adora Center,,,amenity=restaurant|building=yes,Thành phố Hồ Chí Minh,Phường Tân Sơn Nhất,431,Hoàng Văn Thụ,"431, Hoàng Văn Thụ, Phường Tân Sơn Nhất, Thành phố Hồ Chí Minh",direct,category_local,1,0,1,common_venue_category_no_brand,False,True,admin_complete;address_status=direct;housenumber+street;non_garbage_name;not_legacy_pilot110;stratum=category_local;common_venue_category_no_brand
g150-101,osm:node/7257100185,Cà Phê Blackbird,,,amenity=cafe,Hà Nội,Phường Hoàn Kiếm,63B,Phố Lãn Ông,"63B, Phố Lãn Ông, Phường Hoàn Kiếm, Hà Nội",direct,category_local,2,0,1,common_venue_category_no_brand,False,True,admin_complete;address_status=direct;housenumber+street;non_garbage_name;not_legacy_pilot110;stratum=category_local;common_venue_category_no_brand
g150-102,osm:node/7087442485,Sao Mai Mui Ne Hotel,,,tourism=hotel,Tỉnh Lâm Đồng,Phường Mũi Né,18C,Nguyễn Đình Chiểu,"18C, Nguyễn Đình Chiểu, Phường Mũi Né, Tỉnh Lâm Đồng",direct,category_local,1,0,1,common_venue_category_no_brand,False,True,admin_complete;address_status=direct;housenumber+street;non_garbage_name;not_legacy_pilot110;stratum=category_local;common_venue_category_no_brand
g150-103,osm:node/5211609373,Nhà thuốc Tân Hưng,,,amenity=pharmacy|healthcare=pharmacy,Thành phố Cần Thơ,Phường Ninh Kiều,141,Châu Văn Liêm,"141, Châu Văn Liêm, Phường Ninh Kiều, Thành phố Cần Thơ",direct,category_local,1,0,1,common_venue_category_no_brand,False,True,admin_complete;address_status=direct;housenumber+street;non_garbage_name;not_legacy_pilot110;stratum=category_local;common_venue_category_no_brand
g150-104,osm:node/4624875391,Nhà Hàng Nhật Phương,,,amenity=restaurant,Thành phố Hồ Chí Minh,Phường Xuân Hòa,45,Lý Chính Thắng,"45, Lý Chính Thắng, Phường Xuân Hòa, Thành phố Hồ Chí Minh",direct,category_local,1,0,1,common_venue_category_no_brand,False,True,admin_complete;address_status=direct;housenumber+street;non_garbage_name;not_legacy_pilot110;stratum=category_local;common_venue_category_no_brand
g150-105,osm:way/958803250,Trường Trung học phổ thông Trần Hưng Đạo - Hà Đông,,,amenity=school,Hà Nội,Phường Phú Lương,157,Phố Xốm,"157, Phố Xốm, Phường Phú Lương, Hà Nội",direct,category_local,1,0,1,common_venue_category_no_brand,False,True,admin_complete;address_status=direct;housenumber+street;non_garbage_name;not_legacy_pilot110;stratum=category_local;common_venue_category_no_brand
g150-106,osm:node/12569176901,Typika Coffee & Craft Beer,,,amenity=cafe,Tỉnh Đắk Lắk,Phường Buôn Ma Thuột,18,Đường Nguyễn Nhạc,"18, Đường Nguyễn Nhạc, Phường Buôn Ma Thuột, Tỉnh Đắk Lắk",direct,category_local,1,0,1,common_venue_category_no_brand,False,True,admin_complete;address_status=direct;housenumber+street;non_garbage_name;not_legacy_pilot110;stratum=category_local;common_venue_category_no_brand
g150-107,osm:node/5262128963,Vinh Sơn,,,amenity=kindergarten,Thành phố Cần Thơ,Phường Ninh Kiều,43/9,Trần Hưng Đạo,"43/9, Trần Hưng Đạo, Phường Ninh Kiều, Thành phố Cần Thơ",direct,category_local,1,0,1,common_venue_category_no_brand,False,True,admin_complete;address_status=direct;housenumber+street;non_garbage_name;not_legacy_pilot110;stratum=category_local;common_venue_category_no_brand
g150-108,osm:way/1499809194,Trường Tiểu học Minh Đạo,,,amenity=school,Thành phố Hồ Chí Minh,Phường Chợ Lớn,15,Đường Ký Hòa,"15, Đường Ký Hòa, Phường Chợ Lớn, Thành phố Hồ Chí Minh",direct,category_local,2,0,1,common_venue_category_no_brand,False,True,admin_complete;address_status=direct;housenumber+street;non_garbage_name;not_legacy_pilot110;stratum=category_local;common_venue_category_no_brand
g150-109,osm:node/11212195530,Cơm niêu Singapore KOMBO,,,amenity=restaurant,Hà Nội,Phường Kim Liên,108A1,Phố Phạm Ngọc Thạch,"108A1, Phố Phạm Ngọc Thạch, Phường Kim Liên, Hà Nội",direct,category_local,1,0,1,common_venue_category_no_brand,False,True,admin_complete;address_status=direct;housenumber+street;non_garbage_name;not_legacy_pilot110;stratum=category_local;common_venue_category_no_brand
g150-110,osm:node/7090257288,Lakeview Homestay,,,tourism=guest_house,Tỉnh Gia Lai,Phường Diên Hồng,42,Đống Đa,"42, Đống Đa, Phường Diên Hồng, Tỉnh Gia Lai",direct,category_local,1,0,1,common_venue_category_no_brand,False,True,admin_complete;address_status=direct;housenumber+street;non_garbage_name;not_legacy_pilot110;stratum=category_local;common_venue_category_no_brand
g150-111,osm:node/6026702285,"Cheap and very good Vietnamese coffee (10k black, 15k with milk)",,,amenity=cafe,Thành phố Huế,Phường Phú Xuân,22,Trần Huy Liệu,"22, Trần Huy Liệu, Phường Phú Xuân, Thành phố Huế",direct,category_local,1,0,1,common_venue_category_no_brand,False,True,admin_complete;address_status=direct;housenumber+street;non_garbage_name;not_legacy_pilot110;stratum=category_local;common_venue_category_no_brand
g150-112,osm:way/259746455,Trường Tiểu học Thắng Nhì,,,amenity=school,Thành phố Hồ Chí Minh,Phường Vũng Tàu,1,Thắng Nhì,"1, Thắng Nhì, Phường Vũng Tàu, Thành phố Hồ Chí Minh",direct,category_local,2,0,1,common_venue_category_no_brand,False,True,admin_complete;address_status=direct;housenumber+street;non_garbage_name;not_legacy_pilot110;stratum=category_local;common_venue_category_no_brand
g150-113,osm:node/4686167990,Ngọc anh,,,shop=books,Thành phố Hồ Chí Minh,Phường Hiệp Bình,24a,Hiệp Bình,"24a, Hiệp Bình, Phường Hiệp Bình, Thành phố Hồ Chí Minh",direct,explicit_area_cross_region,11,0,2,name_in_ge2_provinces,False,True,admin_complete;address_status=direct;housenumber+street;non_garbage_name;not_legacy_pilot110;stratum=explicit_area_cross_region;name_in_ge2_provinces
g150-114,osm:way/1325575632,Trường Trung học cơ sở Chu Văn An,,,amenity=school,Thành phố Đà Nẵng,Phường Thanh Khê,70,Đường Lê Đình Lý,"70, Đường Lê Đình Lý, Phường Thanh Khê, Thành phố Đà Nẵng",direct,explicit_area_cross_region,32,0,6,human_replace_after_review,False,True,replaced Nhà riêng -> human_review_fix
g150-115,osm:node/12765645731,Nhà Thuốc FPT Long Châu,,,shop=chemist,Thành phố Bắc Ninh,Phường Kinh Bắc,57,Đường Trần Hưng Đạo,"57, Đường Trần Hưng Đạo, Phường Kinh Bắc, Thành phố Bắc Ninh",direct,explicit_area_cross_region,23,0,3,name_in_ge2_provinces,False,True,admin_complete;address_status=direct;housenumber+street;non_garbage_name;not_legacy_pilot110;stratum=explicit_area_cross_region;name_in_ge2_provinces
g150-116,osm:node/11569613664,Sữa chua Trân châu Hạ Long,,,amenity=fast_food,Hà Nội,Phường Nghĩa Đô,26,Ngõ 1 Phạm Tuấn Tài,"26, Ngõ 1 Phạm Tuấn Tài, Phường Nghĩa Đô, Hà Nội",direct,explicit_area_cross_region,6,0,3,name_in_ge2_provinces,False,True,admin_complete;address_status=direct;housenumber+street;non_garbage_name;not_legacy_pilot110;stratum=explicit_area_cross_region;name_in_ge2_provinces
g150-117,osm:way/1295556801,Trường Mầm non Bé Ngoan,,,amenity=kindergarten,Thành phố Hồ Chí Minh,Phường Tân Định,108,Nguyễn Đình Chiểu,"108, Nguyễn Đình Chiểu, Phường Tân Định, Thành phố Hồ Chí Minh",direct,explicit_area_cross_region,4,0,2,name_in_ge2_provinces,False,True,admin_complete;address_status=direct;housenumber+street;non_garbage_name;not_legacy_pilot110;stratum=explicit_area_cross_region;name_in_ge2_provinces
g150-118,osm:node/1527921385,Trường Tiểu học Lê Lợi,,,amenity=school,Tỉnh Gia Lai,Phường Quy Nhơn,3,Tăng Bạt Hổ,"3, Tăng Bạt Hổ, Phường Quy Nhơn, Tỉnh Gia Lai",direct,explicit_area_cross_region,16,0,2,human_replace_after_review,False,True,replaced minh hoa -> human_review_fix
g150-119,osm:way/984827072,Mega Market,,,shop=supermarket,Thành phố Đồng Nai,Phường Trấn Biên,1086,Đường Nguyễn Ái Quốc,"1086, Đường Nguyễn Ái Quốc, Phường Trấn Biên, Thành phố Đồng Nai",direct,explicit_area_cross_region,4,0,2,name_in_ge2_provinces,False,True,admin_complete;address_status=direct;housenumber+street;non_garbage_name;not_legacy_pilot110;stratum=explicit_area_cross_region;name_in_ge2_provinces
g150-120,osm:node/8361034090,Trường Mầm Non Hướng Dương,,,office=educational_institution,Hà Nội,Phường Đông Ngạc,11,Hoàng Tăng Bí,"11, Hoàng Tăng Bí, Phường Đông Ngạc, Hà Nội",direct,explicit_area_cross_region,10,0,2,name_in_ge2_provinces,False,True,admin_complete;address_status=direct;housenumber+street;non_garbage_name;not_legacy_pilot110;stratum=explicit_area_cross_region;name_in_ge2_provinces
g150-121,osm:way/1042877500,Phúc Long,,,amenity=cafe|building=yes,Thành phố Hồ Chí Minh,Phường Tân Định,46,Trần Quang Khải,"46, Trần Quang Khải, Phường Tân Định, Thành phố Hồ Chí Minh",direct,explicit_area_cross_region,31,0,6,name_in_ge2_provinces,False,True,admin_complete;address_status=direct;housenumber+street;non_garbage_name;not_legacy_pilot110;stratum=explicit_area_cross_region;name_in_ge2_provinces
g150-122,osm:node/4550116714,Trà Sữa Giấy,,,amenity=cafe,Tỉnh Đắk Lắk,Phường Buôn Ma Thuột,128,Phan Chu Trinh,"128, Phan Chu Trinh, Phường Buôn Ma Thuột, Tỉnh Đắk Lắk",direct,explicit_area_cross_region,2,0,2,name_in_ge2_provinces,False,True,admin_complete;address_status=direct;housenumber+street;non_garbage_name;not_legacy_pilot110;stratum=explicit_area_cross_region;name_in_ge2_provinces
g150-123,osm:way/1079234573,Trường Trung học phổ thông Chu Văn An,,,amenity=school,Thành phố Hải Phòng,Phường Lê Thanh Nghị,250,Nguyễn Lương Bằng,"250, Nguyễn Lương Bằng, Phường Lê Thanh Nghị, Thành phố Hải Phòng",direct,explicit_area_cross_region,14,0,2,name_in_ge2_provinces,False,True,admin_complete;address_status=direct;housenumber+street;non_garbage_name;not_legacy_pilot110;stratum=explicit_area_cross_region;name_in_ge2_provinces
g150-124,osm:way/1036206961,Trường Tiểu Học Chu Văn An,,,amenity=school,Thành phố Hồ Chí Minh,Phường Bình Thạnh,2,Đường số 3,"2, Đường số 3, Phường Bình Thạnh, Thành phố Hồ Chí Minh",direct,explicit_area_cross_region,17,0,2,human_replace_after_review,False,True,replaced Quán nước -> human_review_fix
g150-125,osm:node/4513805489,Nhà thuốc Lan Anh,,,amenity=pharmacy|healthcare=pharmacy,Tỉnh Tuyên Quang,Phường Hà Giang 2,19,Nguyễn Thái Học,"19, Nguyễn Thái Học, Phường Hà Giang 2, Tỉnh Tuyên Quang",direct,explicit_area_cross_region,2,0,2,human_replace_after_review,False,True,replaced yến sào khánh hoà -> nha thuoc Lan Anh
g150-126,osm:node/5065478058,minh châu,,,shop=stationery,Tỉnh Lâm Đồng,Phường Mũi Né,8,Nguyễn Minh Châu,"8, Nguyễn Minh Châu, Phường Mũi Né, Tỉnh Lâm Đồng",direct,explicit_area_cross_region,11,0,3,name_in_ge2_provinces,False,True,admin_complete;address_status=direct;housenumber+street;non_garbage_name;not_legacy_pilot110;stratum=explicit_area_cross_region;name_in_ge2_provinces
g150-127,osm:node/13470857329,Ngọc Trầm,,,shop=jewelry,Thành phố Bắc Ninh,Phường Kinh Bắc,1,Đường Trần Hưng Đạo,"1, Đường Trần Hưng Đạo, Phường Kinh Bắc, Thành phố Bắc Ninh",direct,explicit_area_cross_region,4,0,2,name_in_ge2_provinces,False,True,admin_complete;address_status=direct;housenumber+street;non_garbage_name;not_legacy_pilot110;stratum=explicit_area_cross_region;name_in_ge2_provinces
g150-128,osm:node/5059825325,tường vy,,,amenity=cafe,Tỉnh Lâm Đồng,Phường Phan Thiết,06,Nguyễn Tất Thành,"06, Nguyễn Tất Thành, Phường Phan Thiết, Tỉnh Lâm Đồng",direct,explicit_area_cross_region,4,0,2,name_in_ge2_provinces,False,True,admin_complete;address_status=direct;housenumber+street;non_garbage_name;not_legacy_pilot110;stratum=explicit_area_cross_region;name_in_ge2_provinces
g150-129,osm:node/13394495901,Trạm sạc Vinfast,,,amenity=charging_station,Thành phố Bắc Ninh,Phường Bắc Giang,1A,Đường Xương Giang,"1A, Đường Xương Giang, Phường Bắc Giang, Thành phố Bắc Ninh",direct,explicit_area_cross_region,37,0,2,name_in_ge2_provinces,False,True,admin_complete;address_status=direct;housenumber+street;non_garbage_name;not_legacy_pilot110;stratum=explicit_area_cross_region;name_in_ge2_provinces
g150-130,osm:node/5078206191,thanh thảo,,,amenity=restaurant,Tỉnh Lâm Đồng,Phường Mũi Né,170A,Huỳnh Thúc Kháng,"170A, Huỳnh Thúc Kháng, Phường Mũi Né, Tỉnh Lâm Đồng",direct,explicit_area_cross_region,8,0,2,name_in_ge2_provinces,False,True,admin_complete;address_status=direct;housenumber+street;non_garbage_name;not_legacy_pilot110;stratum=explicit_area_cross_region;name_in_ge2_provinces
g150-131,osm:node/13910038145,Th True Mart,,,shop=dairy,Thành phố Bắc Ninh,Phường Kinh Bắc,119,Đường Nguyễn Gia Thiều,"119, Đường Nguyễn Gia Thiều, Phường Kinh Bắc, Thành phố Bắc Ninh",direct,explicit_area_cross_region,37,0,2,name_in_ge2_provinces,False,True,admin_complete;address_status=direct;housenumber+street;non_garbage_name;not_legacy_pilot110;stratum=explicit_area_cross_region;name_in_ge2_provinces
g150-132,osm:node/5118696521,tuấn thảo,,,shop=department_store,Tỉnh Lâm Đồng,Phường Mũi Né,45D,Nguyễn Đình Chiểu,"45D, Nguyễn Đình Chiểu, Phường Mũi Né, Tỉnh Lâm Đồng",direct,explicit_area_cross_region,3,0,2,name_in_ge2_provinces,False,True,admin_complete;address_status=direct;housenumber+street;non_garbage_name;not_legacy_pilot110;stratum=explicit_area_cross_region;name_in_ge2_provinces
g150-133,osm:way/970251629,Bến xe Biên Hòa,,,amenity=bus_station|public_transport=station,Thành phố Đồng Nai,Phường Trấn Biên,4,Đường Nguyễn Ái Quốc,"4, Đường Nguyễn Ái Quốc, Phường Trấn Biên, Thành phố Đồng Nai",direct,code_transit_landmark,2,0,1,landmark_station_attraction,False,True,admin_complete;address_status=direct;housenumber+street;non_garbage_name;not_legacy_pilot110;stratum=code_transit_landmark;landmark_station_attraction
g150-134,osm:node/3893537788,Bến xe Thành Bưởi,,,amenity=bus_station,Tỉnh Lâm Đồng,Phường Lâm Viên - Đà Lạt,5,"Lữ Gia, Phường 9, Tp. Đà Lạt, Lâm Đồng, Vietnam","5, Lữ Gia, Phường 9, Tp. Đà Lạt, Lâm Đồng, Vietnam, Phường Lâm Viên - Đà Lạt, Tỉnh Lâm Đồng",direct,code_transit_landmark,1,0,1,landmark_station_attraction,False,True,admin_complete;address_status=direct;housenumber+street;non_garbage_name;not_legacy_pilot110;stratum=code_transit_landmark;landmark_station_attraction
g150-135,osm:way/1327195096,Đình Hà Liễu,,,amenity=place_of_worship|tourism=attraction,Thành phố Bắc Ninh,Phường Phương Liễu,20,Ngõ 22 Phố Tôn Thất Thuyết,"20, Ngõ 22 Phố Tôn Thất Thuyết, Phường Phương Liễu, Thành phố Bắc Ninh",direct,code_transit_landmark,1,0,1,landmark_station_attraction,False,True,admin_complete;address_status=direct;housenumber+street;non_garbage_name;not_legacy_pilot110;stratum=code_transit_landmark;landmark_station_attraction
g150-136,osm:node/5512213573,"Trung tâm Bờ Kè - Hàm Tiến, Mũi Né",,,amenity=bus_station,Tỉnh Lâm Đồng,Phường Mũi Né,122 (199),Nguyễn Đình Chiểu,"122 (199), Nguyễn Đình Chiểu, Phường Mũi Né, Tỉnh Lâm Đồng",direct,code_transit_landmark,1,0,1,landmark_station_attraction,False,True,admin_complete;address_status=direct;housenumber+street;non_garbage_name;not_legacy_pilot110;stratum=code_transit_landmark;landmark_station_attraction
g150-137,osm:way/1416432466,Đình làng Hữu Chấp,,,amenity=place_of_worship|tourism=attraction,Thành phố Bắc Ninh,Phường Kinh Bắc,52,Đường Hữu Chấp,"52, Đường Hữu Chấp, Phường Kinh Bắc, Thành phố Bắc Ninh",direct,code_transit_landmark,1,0,1,landmark_station_attraction,False,True,admin_complete;address_status=direct;housenumber+street;non_garbage_name;not_legacy_pilot110;stratum=code_transit_landmark;landmark_station_attraction
g150-138,osm:node/5274759821,Dinh III Bảo Đại,,,tourism=attraction,Tỉnh Lâm Đồng,Phường Xuân Hương - Đà Lạt,1,Triệu Việt Vương,"1, Triệu Việt Vương, Phường Xuân Hương - Đà Lạt, Tỉnh Lâm Đồng",direct,code_transit_landmark,1,0,1,landmark_station_attraction,False,True,admin_complete;address_status=direct;housenumber+street;non_garbage_name;not_legacy_pilot110;stratum=code_transit_landmark;landmark_station_attraction
g150-139,osm:way/1415901265,Đình Y Na,,,amenity=place_of_worship|tourism=attraction,Thành phố Bắc Ninh,Phường Kinh Bắc,59,Đường Âu Cơ,"59, Đường Âu Cơ, Phường Kinh Bắc, Thành phố Bắc Ninh",direct,code_transit_landmark,2,0,1,landmark_station_attraction,False,True,admin_complete;address_status=direct;housenumber+street;non_garbage_name;not_legacy_pilot110;stratum=code_transit_landmark;landmark_station_attraction
g150-140,osm:node/7145856392,Hanh cafe bus,,,amenity=bus_station,Khánh Hòa,Phường Nam Nha Trang,108,Phong Châu,"108, Phong Châu, Phường Nam Nha Trang, Khánh Hòa",direct,code_transit_landmark,1,0,1,landmark_station_attraction,False,True,admin_complete;address_status=direct;housenumber+street;non_garbage_name;not_legacy_pilot110;stratum=code_transit_landmark;landmark_station_attraction
g150-141,osm:way/1170979640,Chùa Báo Quốc,,,amenity=monastery|tourism=attraction,Thành phố Huế,Phường Thuận Hoá,17,Bảo Quốc,"17, Bảo Quốc, Phường Thuận Hoá, Thành phố Huế",direct,code_transit_landmark,1,0,1,landmark_station_attraction,False,True,admin_complete;address_status=direct;housenumber+street;non_garbage_name;not_legacy_pilot110;stratum=code_transit_landmark;landmark_station_attraction
g150-142,osm:node/7055899785,Phuong Nam Express Office,,,amenity=bus_station|public_transport=station,Khánh Hòa,Phường Nha Trang,14,Trần Hưng Đạo,"14, Trần Hưng Đạo, Phường Nha Trang, Khánh Hòa",direct,code_transit_landmark,1,0,1,landmark_station_attraction,False,True,admin_complete;address_status=direct;housenumber+street;non_garbage_name;not_legacy_pilot110;stratum=code_transit_landmark;landmark_station_attraction
g150-143,osm:way/1227132982,NHÀ DÁT VÀNG CẦN THƠ,,,tourism=attraction,Thành phố Cần Thơ,Phường Tân An,18,Đường số 6,"18, Đường số 6, Phường Tân An, Thành phố Cần Thơ",direct,code_transit_landmark,1,0,1,landmark_station_attraction,False,True,admin_complete;address_status=direct;housenumber+street;non_garbage_name;not_legacy_pilot110;stratum=code_transit_landmark;landmark_station_attraction
g150-144,osm:way/1408821725,Bến xe Cam Ranh,,,amenity=bus_station|public_transport=station,Khánh Hòa,Phường Cam Ranh,1,Lê Duẩn,"1, Lê Duẩn, Phường Cam Ranh, Khánh Hòa",direct,code_transit_landmark,1,0,1,landmark_station_attraction,False,True,admin_complete;address_status=direct;housenumber+street;non_garbage_name;not_legacy_pilot110;stratum=code_transit_landmark;landmark_station_attraction
g150-145,osm:node/11244217845,Chùa Liên Trí Chơn Như,,,amenity=place_of_worship,Thành phố Đồng Nai,Phường Long Hưng,289,QL 51,"289, QL 51, Phường Long Hưng, Thành phố Đồng Nai",direct,code_transit_landmark,1,0,1,human_replace_after_review,False,True,replaced Quoc Tu Dieu De -> human_review_fix
g150-146,osm:node/1152317718,Bến Xe Liên Tỉnh,,,amenity=bus_station|public_transport=station,Tỉnh Lâm Đồng,Phường Xuân Hương - Đà Lạt,01,Tô Hiến Thành,"01, Tô Hiến Thành, Phường Xuân Hương - Đà Lạt, Tỉnh Lâm Đồng",direct,code_transit_landmark,1,0,1,landmark_station_attraction,False,True,admin_complete;address_status=direct;housenumber+street;non_garbage_name;not_legacy_pilot110;stratum=code_transit_landmark;landmark_station_attraction
g150-147,osm:node/5938438385,Chè Cô Hương,,,tourism=attraction,Thành phố Hải Phòng,Phường Gia Viên,142,An Đà,"142, An Đà, Phường Gia Viên, Thành phố Hải Phòng",direct,code_transit_landmark,1,0,1,landmark_station_attraction,False,True,admin_complete;address_status=direct;housenumber+street;non_garbage_name;not_legacy_pilot110;stratum=code_transit_landmark;landmark_station_attraction
g150-148,osm:way/1326441936,Chùa Phổ Đà,,,amenity=place_of_worship,Thành phố Đà Nẵng,Phường Hòa Cường,340,Đường Phan Châu Trinh,"340, Đường Phan Châu Trinh, Phường Hòa Cường, Thành phố Đà Nẵng",direct,code_transit_landmark,3,0,1,human_replace_after_review,False,True,"replaced Bus Company ""Nha Xe Quang Nghi"" -> human_review_fix"
g150-149,osm:node/4452037189,Bến xe Long An,,,amenity=bus_station|public_transport=station,Tỉnh Tây Ninh,Phường Long An,113,Quốc lộ 1,"113, Quốc lộ 1, Phường Long An, Tỉnh Tây Ninh",direct,code_transit_landmark,2,0,1,landmark_station_attraction,False,True,admin_complete;address_status=direct;housenumber+street;non_garbage_name;not_legacy_pilot110;stratum=code_transit_landmark;landmark_station_attraction
g150-150,osm:way/249665232,Bến xe khách Ninh Bình,,,amenity=bus_station|public_transport=station|building=yes,Tỉnh Ninh Bình,Phường Hoa Lư,207,Lê Đại Hành,"207, Lê Đại Hành, Phường Hoa Lư, Tỉnh Ninh Bình",direct,code_transit_landmark,1,0,1,landmark_station_attraction,False,True,admin_complete;address_status=direct;housenumber+street;non_garbage_name;not_legacy_pilot110;stratum=code_transit_landmark;landmark_station_attraction
g150-151,osm:way/1223236000,Tòa nhà S3.01 phân khu Rainbow đại đô thị Vinhomes Grand Park,,,address=|building=apartments,Thành phố Hồ Chí Minh,Phường Long Bình,512 Nguyễn Xiển,Đường Cầu Vồng 3,"512 Nguyễn Xiển, Đường Cầu Vồng 3, Phường Long Bình, Thành phố Hồ Chí Minh",direct,building_code,3,0,1,modern_tower_swap,False,True,swapped G6 -> Sx.xx/Sapphire/Landmark/Masteri style
g150-152,osm:way/1223235998,Tòa nhà S3.02 phân khu Rainbow đại đô thị Vinhomes Grand Park,,,address=|building=apartments,Thành phố Hồ Chí Minh,Phường Long Bình,512 Nguyễn Xiển,Đường Cầu Vồng 3,"512 Nguyễn Xiển, Đường Cầu Vồng 3, Phường Long Bình, Thành phố Hồ Chí Minh",direct,building_code,16,0,1,modern_tower_swap,False,True,swapped A8 -> Sx.xx/Sapphire/Landmark/Masteri style
g150-153,osm:way/1223235999,Tòa nhà S3.03 phân khu Rainbow đại đô thị Vinhomes Grand Park,,,address=|building=apartments,Thành phố Hồ Chí Minh,Phường Long Bình,512 Nguyễn Xiển,Đường Cầu Vồng,"512 Nguyễn Xiển, Đường Cầu Vồng, Phường Long Bình, Thành phố Hồ Chí Minh",direct,building_code,8,0,1,modern_tower_swap,False,True,swapped D6 -> Sx.xx/Sapphire/Landmark/Masteri style
g150-154,osm:way/136259406,17T8 Trung Hòa Nhân Chính,,,address=|building=apartments,Hà Nội,Phường Yên Hòa,17T8,Hoàng Đạo Thúy,"17T8, Hoàng Đạo Thúy, Phường Yên Hòa, Hà Nội",direct,building_code,1,0,1,named_building_code,False,True,building_code;named_building_code;address_status=direct;housenumber+street
g150-155,osm:way/136259414,18T1 Trung Hòa Nhân Chính,,,address=|building=apartments,Hà Nội,Phường Yên Hòa,46,Đường Lê Văn Lương,"46, Đường Lê Văn Lương, Phường Yên Hòa, Hà Nội",direct,building_code,1,0,1,named_building_code,False,True,building_code;named_building_code;address_status=direct;housenumber+street
g150-156,osm:way/136259416,18T2 Trung Hòa Nhân Chính,,,address=|building=apartments,Hà Nội,Phường Yên Hòa,44,đường Lê Văn Lương,"44, đường Lê Văn Lương, Phường Yên Hòa, Hà Nội",direct,building_code,1,0,1,named_building_code,False,True,building_code;named_building_code;address_status=direct;housenumber+street
g150-157,osm:way/136259420,17T2 Trung Hòa Nhân Chính,,,address=|building=apartments,Hà Nội,Phường Yên Hòa,17T2,Phố Hoàng Đạo Thúy,"17T2, Phố Hoàng Đạo Thúy, Phường Yên Hòa, Hà Nội",direct,building_code,1,0,1,named_building_code,False,True,building_code;named_building_code;address_status=direct;housenumber+street
g150-158,osm:node/9998882817,"Masteri An Phú, Tòa RIO",,,tourism=apartment,Thành phố Hồ Chí Minh,Phường An Khánh,191,Xa Lộ Hà Nội,"191, Xa Lộ Hà Nội, Phường An Khánh, Thành phố Hồ Chí Minh",direct,building_code,43,0,1,modern_tower_swap,False,True,swapped A3 -> Sx.xx/Sapphire/Landmark/Masteri style
g150-159,osm:way/1223236001,Tòa nhà S3.05 phân khu Rainbow đại đô thị Vinhomes Grand Park,,,address=|building=apartments,Thành phố Hồ Chí Minh,Phường Long Bình,512 Nguyễn Xiển,Đường Cầu Vồng,"512 Nguyễn Xiển, Đường Cầu Vồng, Phường Long Bình, Thành phố Hồ Chí Minh",direct,building_code,1,0,1,modern_tower_swap,False,True,swapped Z8 -> Sx.xx/Sapphire/Landmark/Masteri style
g150-160,osm:way/843455310,S4.02,,,address=|building=apartments,Hà Nội,Phường Tây Mỗ,S4.02,Đại Việt 2,"S4.02, Đại Việt 2, Phường Tây Mỗ, Hà Nội",direct,building_code,1,0,1,modern_tower_swap,False,True,swapped Z10 -> Sx.xx/Sapphire/Landmark/Masteri style
g150-161,osm:way/933218908,Tòa S2,,,address=|building=apartments,Hà Nội,Phường Tây Hồ,69B,Thụy Khuê,"69B, Thụy Khuê, Phường Tây Hồ, Hà Nội",direct,building_code,1,0,1,modern_tower_swap,False,True,swapped Z9 -> Sx.xx/Sapphire/Landmark/Masteri style
g150-162,osm:way/1327061631,Landmark72,,,address=|building=commercial,Hà Nội,Phường Yên Hòa,E6,Đường Phạm Hùng,"E6, Đường Phạm Hùng, Phường Yên Hòa, Hà Nội",direct,building_code,25,0,1,modern_tower_swap,False,True,swapped A5 -> Sx.xx/Sapphire/Landmark/Masteri style
g150-163,osm:way/863234978,Sapphire Building,,,address=|building=yes,Hà Nội,Phường Hai Bà Trưng,163,Phố Bà Triệu,"163, Phố Bà Triệu, Phường Hai Bà Trưng, Hà Nội",direct,building_code,8,0,1,modern_tower_swap,False,True,swapped H3 -> Sx.xx/Sapphire/Landmark/Masteri style
g150-164,osm:node/11886200435,Vincom Center Metropolis Liễu Giai,Vincom,,shop=mall,Hà Nội,Phường Ngọc Hà,447,Phố Kim Mã,"447, Phố Kim Mã, Phường Ngọc Hà, Hà Nội",direct,brand_branch,50,0,1,vincom_plaza_swap,False,True,swapped A2 (building_code) -> Vincom brand_branch
g150-165,osm:node/4171931890,Vincom Mega Mall Royal City,Vincom,,shop=mall,Hà Nội,Phường Thanh Xuân,72A,Đường Nguyễn Trãi,"72A, Đường Nguyễn Trãi, Phường Thanh Xuân, Hà Nội",direct,brand_branch,51,0,1,vincom_plaza_swap,False,True,swapped A1 (building_code) -> Vincom brand_branch
g150-166,osm:way/1041161640,Tòa Nhà Topaz Tower - Saigon Pearl,,,address=|building=apartments,Thành phố Hồ Chí Minh,Phường Thạnh Mỹ Tây,92,Nguyễn Hữu Cảnh,"92, Nguyễn Hữu Cảnh, Phường Thạnh Mỹ Tây, Thành phố Hồ Chí Minh",direct,building_code,1,0,1,named_building_code,False,True,building_code;named_building_code;address_status=direct;housenumber+street
g150-167,osm:node/11204387971,Vincom Plaza Bắc Từ Liêm,Vincom,,shop=mall,Hà Nội,Phường Phú Diễn,234,Đường Phạm Văn Đồng,"234, Đường Phạm Văn Đồng, Phường Phú Diễn, Hà Nội",direct,brand_branch,1,0,1,vincom_plaza_swap,False,True,swapped Chung cư 242/16 (building_code) -> Vincom brand_branch
g150-168,osm:way/1213393833,Chung cư Carillon 7,,,address=|building=apartments,Thành phố Hồ Chí Minh,Phường Phú Thạnh,33,Đường Lương Minh Nguyệt,"33, Đường Lương Minh Nguyệt, Phường Phú Thạnh, Thành phố Hồ Chí Minh",direct,building_code,2,0,1,named_building_code,False,True,building_code;named_building_code;address_status=direct;housenumber+street
g150-169,osm:way/1215108836,Chung cư Sacomreal 584,,,address=|building=apartments,Thành phố Hồ Chí Minh,Phường Phú Thọ Hòa,785/1,Hẻm 785 Lũy Bán Bích,"785/1, Hẻm 785 Lũy Bán Bích, Phường Phú Thọ Hòa, Thành phố Hồ Chí Minh",direct,building_code,2,0,1,named_building_code,False,True,building_code;named_building_code;address_status=direct;housenumber+street
g150-170,osm:way/1217481835,Vincom Center Đồng Khởi,Vincom,,address=|building=commercial,Thành phố Hồ Chí Minh,Phường Sài Gòn,72,Lê Thánh Tôn,"72, Lê Thánh Tôn, Phường Sài Gòn, Thành phố Hồ Chí Minh",direct,brand_branch,1,0,1,vincom_plaza_swap,False,True,swapped Chung cư 601 CMT8 (building_code) -> Vincom brand_branch
g150-171,osm:way/1228058574,Chung cư Carillon 5,,,address=|building=apartments,Thành phố Hồ Chí Minh,Phường Tân Phú,262/3,Hẻm 262 Lũy Bán Bích,"262/3, Hẻm 262 Lũy Bán Bích, Phường Tân Phú, Thành phố Hồ Chí Minh",direct,building_code,2,0,1,named_building_code,False,True,building_code;named_building_code;address_status=direct;housenumber+street
g150-172,osm:way/1230064515,Tòa nhà The Six8 Building,,,address=|building=apartments,Thành phố Hồ Chí Minh,Phường Tân Sơn Hòa,24-26,Phan Đình Giót,"24-26, Phan Đình Giót, Phường Tân Sơn Hòa, Thành phố Hồ Chí Minh",direct,building_code,1,0,1,named_building_code,False,True,building_code;named_building_code;address_status=direct;housenumber+street
g150-173,osm:way/430290607,Vincom Megamall Thảo Điền,Vincom,,shop=mall|building=retail,Thành phố Hồ Chí Minh,Phường An Khánh,159-161,Đường Võ Nguyên Giáp,"159-161, Đường Võ Nguyên Giáp, Phường An Khánh, Thành phố Hồ Chí Minh",direct,brand_branch,1,0,1,vincom_plaza_swap,False,True,swapped Chung cư B2 Trường Sa (building_code) -> Vincom brand_branch
g150-174,osm:way/367930334,Vincom Plaza Thủ Đức,Vincom,,shop=mall|building=retail,Thành phố Hồ Chí Minh,Phường Thủ Đức,216,Võ Văn Ngân,"216, Võ Văn Ngân, Phường Thủ Đức, Thành phố Hồ Chí Minh",direct,brand_branch,1,0,1,vincom_plaza_swap,False,True,swapped Chung cư 199 NKKN - lô A (building_code) -> Vincom brand_branch
g150-175,osm:way/840982441,Vinhomes Metropolis,,,address=|building=apartments,Hà Nội,Phường Ngọc Hà,447,Phố Kim Mã,"447, Phố Kim Mã, Phường Ngọc Hà, Hà Nội",direct,building_code,1,0,1,modern_tower_swap,False,True,swapped chung cư số 69 Hùng Vương -> Sx.xx/Sapphire/Landmark/Masteri style
g150-176,osm:node/11548630281,Sapphire2 - Sài Gòn Pearl,,,address=,Thành phố Hồ Chí Minh,Phường Thạnh Mỹ Tây,92,Nguyễn Hữu Cảnh,"92, Nguyễn Hữu Cảnh, Phường Thạnh Mỹ Tây, Thành phố Hồ Chí Minh",direct,building_code,1,0,1,modern_tower_swap,False,True,swapped G9 -> Sx.xx/Sapphire/Landmark/Masteri style
g150-177,osm:node/9998882118,"Masteri An Phú, Tòa SOL",,,tourism=apartment,Thành phố Hồ Chí Minh,Phường An Khánh,191,Xa Lộ Hà Nội,"191, Xa Lộ Hà Nội, Phường An Khánh, Thành phố Hồ Chí Minh",direct,building_code,1,0,1,modern_tower_swap,False,True,swapped G11 -> Sx.xx/Sapphire/Landmark/Masteri style
g150-178,osm:way/749331141,Vincom Plaza Huế,Vincom,,shop=mall|building=commercial,Thành phố Huế,Phường Thuận Hoá,50A,Hùng Vương,"50A, Hùng Vương, Phường Thuận Hoá, Thành phố Huế",direct,brand_branch,1,0,1,vincom_plaza_swap,False,True,swapped Tòa nhà Novas (building_code) -> Vincom brand_branch
g150-179,osm:way/251905214,Vincom Plaza Hùng Vương,Vincom,,shop=mall|building=yes,Thành phố Cần Thơ,Phường Ninh Kiều,2,Hùng Vương,"2, Hùng Vương, Phường Ninh Kiều, Thành phố Cần Thơ",direct,brand_branch,1,0,1,vincom_plaza_swap,False,True,swapped Khu tập thể LILAMA 69-1 (building_code) -> Vincom brand_branch
g150-180,osm:way/241744405,Tòa nhà Viettel Đắk Lắk,,,address=|building=yes,Tỉnh Đắk Lắk,Phường Tân An,48,Lý Tự Trọng,"48, Lý Tự Trọng, Phường Tân An, Tỉnh Đắk Lắk",direct,building_code,1,0,1,named_building_code,False,True,building_code;named_building_code;address_status=direct;housenumber+street
